city,date,fare,ride_id
Sarabury,1/16/16 13:49,38.35,5.40E+12
South Roy,1/2/16 18:42,17.49,4.04E+12
Wiseborough,1/21/16 17:35,44.18,3.65E+12
Spencertown,7/31/16 14:53,6.87,2.24E+12
Nguyenbury,7/9/16 4:42,6.28,1.54E+12
New Jeffrey,2/22/16 18:36,36.01,9.76E+12
Port Johnstad,6/7/16 2:39,17.15,4.35E+12
Jacobfort,9/20/16 20:58,22.98,1.50E+12
Travisville,1/15/16 17:32,27.39,8.50E+11
Sandymouth,11/16/16 7:27,21.61,2.39E+12
New Andreamouth,4/11/16 7:20,7.72,9.99E+12
New Christine,9/13/16 15:06,24.89,7.92E+12
Stewartview,3/29/16 5:15,23.88,6.78E+12
Rodriguezburgh,9/5/16 5:20,4.54,9.65E+12
West Sydneyhaven,8/2/16 21:18,12.87,7.99E+12
Swansonbury,7/11/16 18:42,39.3,7.44E+11
Lisatown,7/5/16 18:09,5.82,6.37E+12
East Erin,11/3/16 1:03,7.51,4.74E+12
Port Martinberg,1/6/16 17:11,8.66,7.30E+12
Wiseborough,9/12/16 18:43,26.83,9.30E+12
Edwardsbury,2/27/16 3:55,20.17,8.51E+12
Jacobfort,6/12/16 17:01,34.47,4.14E+12
Pamelahaven,3/26/16 12:56,36.43,3.02E+12
Fosterside,8/12/16 11:52,28.08,1.33E+11
Jacobfort,9/17/16 12:38,38.25,2.18E+12
West Sydneyhaven,8/23/16 14:49,36.12,5.89E+12
West Alexis,1/16/16 0:33,26.62,1.57E+12
Carrollfort,6/24/16 20:11,6.45,1.09E+12
New David,1/12/16 20:48,38.68,5.23E+12
Stewartview,10/15/16 5:26,11.74,8.40E+12
Williamshire,6/22/16 7:53,39.81,5.32E+12
Spencertown,7/12/16 2:52,31.39,7.55E+11
Torresshire,10/29/16 12:28,23.5,6.17E+12
New Aaron,8/12/16 17:14,34.63,6.25E+12
Kelseyland,8/19/16 4:27,5.51,6.25E+12
Spencertown,6/13/16 3:01,25.91,7.41E+12
Williamshire,3/22/16 6:49,5.78,4.03E+12
Lake Sarashire,7/16/16 2:33,34.69,7.54E+12
Swansonbury,9/17/16 15:52,29.95,5.58E+12
South Roy,12/3/16 8:39,32.88,7.10E+12
Pearsonberg,3/27/16 3:46,6.72,9.28E+11
Wiseborough,10/1/16 9:57,37.84,1.62E+12
Aprilchester,5/11/16 7:04,20.29,1.08E+12
South Josephville,6/1/16 5:15,28.33,7.96E+12
Sarabury,7/23/16 7:42,21.76,7.55E+12
Port Martinberg,10/14/16 0:03,11.62,8.42E+12
Davistown,8/31/16 20:43,34.77,2.56E+12
Lake Jeffreyland,10/22/16 13:25,26.82,3.28E+12
Port Samantha,1/6/16 20:50,34.72,5.73E+12
Smithhaven,3/23/16 11:06,9.17,7.82E+12
West Jefferyfurt,7/8/16 5:37,28.75,7.10E+11
Jacobfort,6/23/16 10:30,16.24,1.22E+12
Zimmermanmouth,6/29/16 21:29,17.12,1.21E+12
Eriktown,7/26/16 10:58,19.81,6.34E+12
Eriktown,1/3/16 10:46,22.9,5.88E+12
Kellershire,5/5/16 8:07,26.5,6.98E+12
West Alexis,8/29/16 18:17,6.16,2.09E+11
Alyssaberg,5/28/16 9:20,35.61,7.47E+12
Lake Jennaton,6/5/16 12:00,25.56,9.58E+12
West Brandy,4/12/16 0:51,34.59,9.60E+12
Port Samantha,4/4/16 10:57,33.91,7.43E+12
New Aaron,10/30/16 22:19,8.44,1.13E+12
Sarabury,4/2/16 4:32,38.03,4.93E+12
West Oscar,10/5/16 22:23,32.64,7.92E+12
Edwardsbury,1/28/16 23:28,26.61,6.10E+12
Arnoldview,3/24/16 5:50,38.73,9.91E+12
Swansonbury,1/4/16 20:54,17.1,7.45E+12
Port Johnstad,11/19/16 2:08,34.47,3.22E+12
South Louis,6/19/16 5:30,35.29,3.20E+11
Lisaville,1/6/16 3:50,19.6,2.39E+11
New Maryport,2/10/16 5:36,23.41,3.97E+11
West Dawnfurt,7/24/16 15:18,30.8,3.84E+12
Davidtown,10/12/16 17:56,24.65,9.38E+12
West Peter,8/16/16 23:26,7.25,1.04E+12
Spencertown,1/16/16 18:28,35.59,7.00E+12
Rodriguezburgh,11/21/16 10:41,26.13,6.51E+12
Russellport,9/8/16 17:46,13.81,1.03E+12
Rodriguezburgh,5/22/16 21:34,8.83,5.14E+12
West Brandy,8/19/16 3:53,17.72,1.90E+12
South Roy,11/20/16 2:09,6.81,6.51E+12
Russellport,2/2/16 20:46,18.96,7.23E+12
Zimmermanmouth,8/11/16 11:17,5.97,7.28E+12
Sarabury,6/23/16 5:03,26.82,6.71E+12
East Douglas,10/1/16 19:07,16.36,8.45E+12
Kellershire,11/2/16 16:34,15.29,7.14E+12
Davistown,2/29/16 22:39,15.58,2.61E+12
Davistown,5/26/16 20:42,12.96,3.75E+12
Mooreview,5/31/16 13:20,24.82,9.88E+12
Zimmermanmouth,8/1/16 20:38,34.95,2.26E+12
Port Johnstad,8/21/16 8:03,15.92,4.31E+12
Port Josephfurt,9/20/16 19:27,14,2.47E+12
East Douglas,7/19/16 7:42,11.24,8.57E+12
East Douglas,9/20/16 2:40,23.26,8.25E+11
Torresshire,5/24/16 15:47,29.25,9.78E+12
West Brandy,10/4/16 21:18,20.62,1.06E+12
New Christine,1/26/16 13:18,23.52,1.42E+12
New Andreamouth,11/18/16 15:01,17.64,8.67E+12
Lisatown,10/14/16 9:22,33.4,9.89E+12
Port Johnstad,8/27/16 18:09,22.48,9.41E+12
Wiseborough,9/12/16 0:38,20.62,8.63E+12
South Bryanstad,8/12/16 12:15,21.78,7.01E+12
New Maryport,2/26/16 22:31,19.52,3.93E+11
West Jefferyfurt,2/18/16 4:54,7.71,5.38E+12
New David,7/8/16 23:48,31.51,4.50E+12
Nguyenbury,11/8/16 19:22,19.49,1.70E+12
Swansonbury,11/26/16 12:07,43.98,4.62E+12
Prattfurt,5/13/16 22:09,11.3,5.49E+12
New Aaron,10/4/16 21:47,42.87,3.21E+12
Davistown,6/7/16 18:54,22.35,7.31E+12
Stewartview,6/30/16 23:03,15.58,2.45E+12
West Jefferyfurt,6/15/16 22:30,20.25,2.46E+12
Vickimouth,6/17/16 4:23,40.88,2.62E+12
South Louis,9/8/16 2:07,38.81,9.68E+12
New David,9/11/16 5:05,10.05,1.69E+12
West Dawnfurt,3/6/16 18:21,28.26,3.90E+12
Davistown,1/14/16 6:15,7.61,9.21E+12
Port Josephfurt,7/1/16 23:19,5.6,3.23E+12
Alvarezhaven,4/18/16 20:51,31.93,4.27E+12
West Peter,2/4/16 5:21,32.23,5.46E+12
New Andreamouth,8/22/16 6:59,43.14,5.03E+12
Wiseborough,10/29/16 19:14,13.85,8.84E+12
East Douglas,4/2/16 13:49,28.17,3.80E+12
Kelseyland,4/17/16 6:59,5.54,7.47E+12
Smithhaven,4/26/16 16:06,30.35,8.28E+12
West Jefferyfurt,6/8/16 6:50,22.13,8.74E+12
Alvarezhaven,8/1/16 0:39,6.42,8.39E+12
West Peter,1/11/16 14:29,10.13,60400779470
Sarabury,9/30/16 12:48,30.3,6.39E+12
Yolandafurt,7/3/16 17:13,32.91,1.05E+12
Lake Jennaton,6/12/16 21:55,15.68,6.36E+12
Lake Jeffreyland,12/4/16 12:34,17.25,3.97E+12
Spencertown,8/11/16 12:33,12.76,4.53E+11
Nguyenbury,3/19/16 13:08,35.07,9.20E+12
Alyssaberg,4/29/16 20:53,19.77,44295036528
Yolandafurt,6/1/16 1:49,31.05,3.08E+11
Davidtown,8/7/16 11:22,35.99,8.76E+12
Davistown,4/26/16 3:20,17.22,7.89E+12
Fosterside,4/1/16 4:46,13.17,2.91E+12
West Peter,1/25/16 13:57,27.53,5.40E+12
West Brittanyton,6/7/16 7:40,16.54,9.66E+12
Port Martinberg,6/12/16 10:31,38.4,2.19E+12
Travisville,3/1/16 19:20,33.99,3.33E+12
West Sydneyhaven,10/16/16 9:38,5.07,3.09E+12
West Oscar,11/26/16 13:24,44.48,8.26E+12
Sandymouth,10/3/16 5:05,20.3,9.27E+12
Spencertown,6/14/16 16:52,8.58,8.12E+12
Carrollfort,1/2/16 18:46,40.84,3.71E+12
Pamelahaven,7/12/16 2:19,44.39,8.86E+12
South Louis,7/26/16 16:34,33.19,6.57E+12
West Peter,6/7/16 2:32,27.05,1.01E+12
Lisaville,2/5/16 2:25,37.01,4.01E+12
New Aaron,10/18/16 23:07,27.41,4.27E+12
Travisville,10/16/16 19:55,25.52,2.62E+12
Lake Jeffreyland,8/29/16 5:21,7.69,7.92E+12
Stewartview,5/29/16 22:39,39.36,4.91E+12
Alvarezhaven,9/1/16 22:57,18.09,1.20E+12
Prattfurt,2/3/16 14:17,13.15,3.25E+12
Arnoldview,3/29/16 20:04,32.63,8.17E+12
East Erin,10/4/16 10:31,32.35,3.96E+12
Rodriguezburgh,10/7/16 11:09,25.19,7.71E+12
Sarabury,8/4/16 0:25,27.2,2.43E+12
Alyssaberg,1/17/16 7:11,21.03,3.14E+12
Arnoldview,2/14/16 2:12,34.2,5.95E+12
Kelseyland,5/4/16 15:06,30.54,2.14E+12
West Oscar,7/20/16 23:09,13.62,3.42E+12
Rodriguezburgh,6/11/16 21:01,27.66,6.96E+12
Lake Jeffreyland,4/10/16 15:48,38.54,7.59E+12
Lake Jennaton,5/21/16 13:23,35.1,2.65E+12
Jacobfort,3/13/16 23:58,13.72,3.11E+12
Swansonbury,10/20/16 8:38,9.85,9.56E+11
Fosterside,1/19/16 1:06,10.11,7.23E+12
Kelseyland,1/25/16 20:44,12.08,1.90E+12
Stewartview,10/27/16 13:17,37.12,3.87E+12
Russellport,8/5/16 5:51,43.57,1.41E+12
Williamshire,1/30/16 7:31,34.93,6.85E+12
Pearsonberg,2/8/16 3:40,23.2,2.17E+12
West Dawnfurt,9/18/16 18:24,19.67,2.85E+12
Pearsonberg,9/16/16 3:21,40.56,2.94E+12
Travisville,8/5/16 8:01,17.8,6.64E+12
Spencertown,10/1/16 19:56,11.43,6.59E+12
Edwardsbury,8/25/16 21:23,15.4,4.38E+12
New David,3/29/16 9:41,24.47,8.59E+12
Spencertown,5/10/16 4:55,5.13,3.22E+12
West Sydneyhaven,8/6/16 19:00,16.35,2.84E+12
Eriktown,1/18/16 17:58,23.56,7.95E+12
West Brandy,6/16/16 10:11,13.25,1.35E+12
East Erin,10/6/16 18:54,36.97,9.20E+12
New Andreamouth,8/23/16 23:45,23.05,4.34E+12
Carrollfort,3/7/16 22:54,16.4,2.23E+12
Jacobfort,7/19/16 12:38,43.64,9.41E+12
Lake Jeffreyland,5/29/16 13:39,16,9.15E+12
West Dawnfurt,1/3/16 11:35,6.69,7.46E+12
Alyssaberg,5/9/16 1:35,17.56,2.80E+12
Eriktown,2/27/16 23:17,20.3,1.54E+11
West Jefferyfurt,11/22/16 21:50,11.74,3.34E+12
South Louis,4/20/16 15:42,27.26,7.92E+12
East Douglas,10/19/16 20:25,28.18,6.20E+12
West Brittanyton,5/22/16 5:49,25.1,9.60E+12
Smithhaven,3/27/16 9:25,21.18,1.06E+11
Port Josephfurt,10/26/16 9:01,9.48,8.36E+12
Edwardsbury,7/15/16 15:36,12.65,3.07E+12
Prattfurt,7/14/16 14:58,7.22,3.43E+12
Port Johnstad,5/26/16 5:12,40.24,2.90E+12
South Bryanstad,7/27/16 16:58,38.3,2.58E+11
Arnoldview,7/12/16 4:33,30.88,5.65E+11
New Andreamouth,1/2/16 2:30,18.51,4.48E+12
Arnoldview,1/12/16 1:10,35.07,9.03E+12
West Dawnfurt,9/25/16 16:35,22.28,9.24E+12
Prattfurt,7/5/16 13:53,35.82,5.59E+12
Smithhaven,9/26/16 10:18,33.45,8.54E+12
Lisaville,3/12/16 13:26,10.61,6.54E+12
Eriktown,3/8/16 5:38,16.34,4.82E+12
New Andreamouth,11/28/16 1:14,33.11,2.32E+11
West Alexis,9/3/16 2:23,22.86,8.39E+12
Maryside,7/20/16 1:03,14.07,9.87E+11
West Alexis,6/28/16 16:34,12.92,5.99E+12
Sarabury,7/25/16 10:44,17.73,4.47E+12
Vickimouth,5/5/16 21:32,4.54,2.44E+12
Alyssaberg,2/7/16 5:19,23.44,2.98E+12
Smithhaven,3/31/16 1:06,32.58,7.97E+12
New Christine,2/22/16 12:18,25.21,9.93E+12
West Oscar,9/22/16 23:20,23.34,9.22E+12
Alyssaberg,7/20/16 22:47,8.73,2.80E+12
Davistown,4/10/16 11:11,4.36,74296958741
Prattfurt,11/18/16 17:37,5.1,9.08E+12
New Jeffrey,3/20/16 0:51,38.49,1.58E+12
New David,10/20/16 18:30,5.48,5.20E+12
South Bryanstad,5/16/16 15:36,9.15,5.13E+12
South Roy,4/14/16 3:24,9.77,6.64E+11
Jacobfort,7/20/16 15:44,21.57,8.21E+12
Stewartview,1/30/16 4:01,6.28,1.19E+12
New Jeffrey,5/17/16 8:07,21.4,6.44E+11
Davidtown,10/13/16 23:41,10.56,2.83E+12
Arnoldview,11/18/16 12:47,4.92,8.53E+12
Swansonbury,10/14/16 12:46,30.17,8.69E+12
New David,9/11/16 15:12,22.16,2.63E+12
Port Samantha,3/3/16 8:04,11.95,9.68E+12
Port Johnstad,9/29/16 11:48,35.67,9.85E+12
Nguyenbury,5/12/16 15:57,41.63,2.25E+11
Sarabury,6/22/16 16:24,23.94,6.15E+12
Torresshire,11/27/16 18:13,16.04,7.45E+12
Lake Jeffreyland,2/29/16 19:08,41.18,5.93E+11
Stewartview,2/3/16 7:47,14.78,8.86E+12
Russellport,9/18/16 11:54,23.41,3.92E+12
Smithhaven,4/16/16 11:09,7.43,5.77E+12
Lake Sarashire,8/25/16 4:25,4.27,6.74E+12
Wiseborough,2/23/16 2:21,4.06,5.77E+12
Lake Sarashire,7/28/16 11:27,40.77,4.89E+11
New Jeffrey,7/1/16 22:39,34.02,3.64E+12
Lisaville,3/14/16 19:58,36.95,6.37E+12
Alvarezhaven,8/18/16 7:12,20.74,3.57E+11
Carrollfort,10/9/16 8:58,4.56,9.54E+11
Carrollfort,8/24/16 5:23,44.26,2.31E+12
Kelseyland,8/9/16 18:19,17.91,8.78E+12
Swansonbury,4/3/16 23:58,36.5,3.85E+12
New Maryport,3/16/16 5:00,38.55,1.52E+12
Port Johnstad,10/14/16 10:57,19.6,2.81E+12
Zimmermanmouth,9/19/16 2:40,16.21,4.97E+12
East Douglas,9/19/16 9:23,34.17,8.61E+12
Kelseyland,10/24/16 15:15,33.56,4.80E+12
Travisville,3/29/16 11:14,12.26,2.81E+12
Mooreview,8/28/16 8:58,16.54,4.56E+12
Alyssaberg,11/25/16 17:30,25.27,2.04E+12
Williamshire,10/1/16 15:14,10.67,9.93E+12
East Erin,2/15/16 16:23,40.94,8.04E+12
Sarabury,1/27/16 17:46,16.39,8.22E+12
Williamshire,1/12/16 4:22,35.94,7.08E+12
Antoniomouth,3/5/16 2:55,19.91,6.45E+11
West Sydneyhaven,4/8/16 1:17,20.06,4.86E+12
Sandymouth,3/7/16 23:43,5.72,7.96E+12
Torresshire,11/16/16 9:35,17.84,9.44E+12
Kelseyland,6/6/16 13:54,20.81,9.81E+12
Stewartview,2/11/16 13:11,35.86,7.77E+12
Pamelahaven,9/29/16 11:08,12.82,2.55E+12
West Brandy,2/3/16 20:21,35.59,6.78E+12
West Jefferyfurt,2/9/16 5:04,22.54,8.63E+11
East Erin,6/3/16 19:16,7.84,7.26E+12
Spencertown,5/24/16 21:33,31.76,8.58E+12
Alyssaberg,9/9/16 14:29,25.85,1.04E+12
Lake Jeffreyland,5/24/16 7:38,10.99,9.24E+12
South Roy,7/6/16 7:37,21.04,9.00E+11
East Erin,7/1/16 20:56,19.79,6.31E+12
Lisatown,11/29/16 5:03,25.37,8.79E+12
East Douglas,2/10/16 3:30,33.08,3.36E+12
Jacobfort,5/27/16 12:40,38.52,3.06E+12
South Bryanstad,11/30/16 8:27,19.24,9.28E+12
Mooreview,11/29/16 5:43,32.91,2.69E+12
Lake Stevenbury,1/11/16 19:57,41.05,5.28E+12
Vickimouth,12/2/16 5:12,36.72,2.88E+12
East Douglas,8/21/16 22:32,7.9,4.79E+12
South Louis,8/5/16 11:29,28.07,1.49E+12
Torresshire,6/5/16 15:15,29.85,1.54E+12
Spencertown,2/12/16 21:25,30.82,8.23E+12
West Dawnfurt,5/21/16 23:19,14.49,6.41E+12
Rodriguezburgh,4/24/16 3:23,18.91,9.06E+12
New Jeffrey,9/28/16 6:19,18.42,2.26E+12
Kellershire,11/8/16 4:54,6.21,9.86E+12
Spencertown,2/7/16 12:18,44.67,6.14E+12
West Oscar,5/27/16 0:31,11.18,2.38E+12
West Oscar,1/18/16 23:15,23.67,9.04E+12
Kellershire,11/9/16 16:14,11.52,6.54E+12
Jacobfort,11/15/16 14:39,10.12,2.62E+12
Arnoldview,6/30/16 21:18,36.65,1.73E+12
West Alexis,3/1/16 5:36,25.93,9.84E+11
South Josephville,10/6/16 3:53,28.19,2.60E+12
New Christine,5/29/16 15:42,14.9,3.59E+12
South Louis,9/11/16 16:28,22.08,7.45E+12
Williamshire,7/5/16 10:54,28.32,5.68E+12
East Douglas,11/14/16 13:10,22.83,4.92E+12
Yolandafurt,2/28/16 11:02,36,6.31E+12
Lake Sarashire,3/17/16 11:47,16.67,1.79E+12
Torresshire,10/2/16 1:20,5.45,7.86E+12
New Maryport,2/7/16 16:58,21.94,1.13E+12
West Oscar,8/19/16 15:24,26.3,1.57E+12
Kimberlychester,8/17/16 13:49,39.29,7.66E+12
Williamshire,1/19/16 13:24,28.73,3.63E+12
Kimberlychester,1/13/16 1:17,41.06,3.47E+12
Prattfurt,1/22/16 8:38,12.49,8.75E+12
Zimmermanmouth,7/23/16 19:20,28.89,1.53E+12
Zimmermanmouth,5/4/16 18:32,20.96,6.49E+12
Lake Jeffreyland,8/3/16 19:10,37.24,7.17E+12
New Andreamouth,1/10/16 16:33,41.15,8.73E+12
Lake Jennaton,12/2/16 20:30,7.37,4.33E+12
Antoniomouth,8/27/16 6:53,33.31,6.66E+12
New David,10/15/16 12:01,25.55,5.57E+12
Antoniomouth,8/19/16 14:45,20.67,5.23E+12
Smithhaven,6/23/16 8:23,15.18,8.20E+12
Edwardsbury,8/3/16 22:39,19.85,3.68E+12
Jacobfort,8/8/16 12:21,16.87,2.84E+12
Williamshire,10/12/16 20:05,43.59,5.75E+12
Torresshire,1/21/16 6:22,13.88,3.85E+12
Maryside,1/22/16 17:16,17,3.25E+12
West Oscar,8/16/16 3:32,9.08,3.87E+12
South Josephville,3/11/16 23:05,29.12,7.48E+12
Lake Stevenbury,5/1/16 21:55,15.75,7.03E+12
Jacobfort,7/19/16 22:19,20.36,3.07E+12
Port Samantha,10/5/16 2:16,6.99,3.73E+12
South Louis,10/11/16 0:43,4.54,3.59E+12
Port Samantha,3/7/16 7:34,39.5,3.55E+12
South Josephville,3/24/16 18:38,13.73,1.49E+12
Alvarezhaven,4/4/16 23:45,14.25,6.43E+12
West Peter,4/12/16 16:00,7.51,7.11E+12
Kimberlychester,10/22/16 2:54,19.07,6.70E+12
Lake Jeffreyland,5/15/16 14:22,17.85,8.50E+12
West Brittanyton,1/16/16 22:15,37.64,8.41E+12
West Oscar,5/27/16 18:18,11.4,5.32E+12
Lisatown,7/10/16 3:14,40.36,1.80E+12
South Josephville,8/28/16 4:52,38.51,4.25E+12
Kelseyland,8/10/16 7:02,44.53,1.56E+12
Arnoldview,9/18/16 10:09,37.37,2.40E+12
Stewartview,1/1/16 9:25,6.83,7.89E+12
Sarabury,4/26/16 11:31,21.8,5.97E+12
Spencertown,3/28/16 6:14,42.67,1.24E+12
Yolandafurt,11/20/16 11:01,24.95,3.74E+12
Eriktown,6/24/16 6:41,40.41,24231019266
Torresshire,9/20/16 12:58,8.31,3.85E+12
South Roy,1/29/16 17:29,18.61,5.08E+12
Rodriguezburgh,2/28/16 23:49,9.86,1.78E+12
Aprilchester,2/20/16 19:30,27.84,3.70E+12
Alvarezhaven,10/31/16 5:33,20.23,4.35E+12
Pamelahaven,9/21/16 3:18,13.95,8.12E+12
Fosterside,11/7/16 0:00,17.92,7.42E+12
East Douglas,9/29/16 14:23,21.49,9.99E+12
Mooreview,8/29/16 3:50,16.43,2.39E+12
Carrollfort,1/24/16 13:10,7.15,4.14E+12
South Louis,10/29/16 18:46,30.73,3.07E+12
New Jeffrey,6/6/16 14:29,34.35,7.22E+11
Swansonbury,10/20/16 2:30,11.29,5.30E+12
Mooreview,5/6/16 2:19,38.1,9.85E+12
Lake Jennaton,10/17/16 9:44,16.98,8.34E+12
Davidtown,7/3/16 17:33,17.6,9.78E+12
East Erin,8/7/16 6:28,12.56,3.38E+12
Rodriguezburgh,5/30/16 18:12,14.51,8.43E+12
Mooreview,6/19/16 7:05,39.02,4.56E+12
Spencertown,7/23/16 0:02,7.74,8.39E+12
Williamshire,4/21/16 20:53,12.62,8.43E+12
New Aaron,8/12/16 22:11,12.53,7.86E+12
Vickimouth,4/27/16 9:28,31.47,1.72E+11
Arnoldview,5/17/16 16:41,17.7,5.26E+12
Kimberlychester,3/19/16 22:17,10.33,3.84E+12
Lisatown,11/13/16 9:11,16.36,5.30E+12
South Roy,6/3/16 17:48,43.5,5.32E+12
Davistown,2/9/16 6:40,29.58,6.52E+12
Torresshire,6/7/16 11:48,23.86,3.00E+12
Antoniomouth,5/2/16 17:52,8.43,4.18E+12
Lisatown,1/7/16 9:55,18.64,5.46E+12
Lisatown,5/19/16 12:41,20.22,4.07E+12
Port Johnstad,11/6/16 21:03,10.58,8.04E+12
Davidtown,10/18/16 12:27,14.48,8.27E+12
Travisville,10/28/16 9:02,35.69,6.80E+12
Sandymouth,4/10/16 14:31,5.42,4.36E+12
Swansonbury,9/24/16 8:14,13.77,3.91E+12
West Brandy,6/22/16 20:17,26.96,9.89E+12
West Brandy,10/19/16 14:01,27.77,9.20E+12
Alyssaberg,5/27/16 5:36,21.59,6.75E+12
West Oscar,6/28/16 2:11,25.68,6.16E+11
Edwardsbury,6/8/16 9:17,39.28,4.32E+12
Swansonbury,3/12/16 15:20,38.41,2.21E+12
Alyssaberg,7/7/16 1:18,7.18,6.22E+11
Kelseyland,7/5/16 17:37,29.02,6.90E+12
Smithhaven,5/16/16 10:13,5.39,9.85E+12
Arnoldview,4/8/16 4:59,6.7,2.43E+12
Jacobfort,10/20/16 15:51,21.31,1.17E+11
Lisatown,4/16/16 11:51,44.98,4.10E+11
New Christine,6/30/16 4:33,17.33,7.26E+11
Sandymouth,8/21/16 1:56,35.97,1.98E+12
Sandymouth,6/27/16 13:58,38.59,1.27E+12
Sandymouth,7/1/16 0:43,37.75,8.24E+12
South Roy,8/23/16 8:57,6.73,1.83E+11
Zimmermanmouth,2/11/16 19:07,14.5,7.55E+12
Swansonbury,7/25/16 14:20,29.38,6.20E+12
Arnoldview,3/23/16 6:59,21.61,5.90E+11
Kimberlychester,7/21/16 14:54,23.55,9.28E+12
South Bryanstad,10/18/16 9:58,22.27,7.39E+12
Edwardsbury,7/5/16 10:59,42.67,6.07E+12
East Erin,9/25/16 7:45,27.75,9.26E+12
Davistown,1/26/16 20:57,18.24,4.21E+12
Lisaville,7/1/16 3:28,29.41,6.43E+12
Sandymouth,5/3/16 0:51,30.58,5.31E+12
Lake Jennaton,4/17/16 2:48,30.98,4.13E+12
Smithhaven,9/22/16 0:49,22.51,1.16E+12
West Brandy,6/2/16 16:31,6.82,6.19E+12
Carrollfort,4/10/16 7:24,18.01,2.94E+12
South Louis,2/25/16 14:35,39.4,8.09E+12
Maryside,9/13/16 14:45,37.61,1.48E+12
Davistown,7/23/16 22:14,24.76,6.22E+12
Kimberlychester,10/24/16 16:48,4.49,3.69E+12
Stewartview,2/28/16 4:05,13.46,4.42E+12
West Brittanyton,5/6/16 20:52,30.02,3.46E+11
Lake Stevenbury,1/5/16 10:15,8.47,1.25E+12
New David,2/28/16 1:45,31.83,9.64E+12
Williamshire,2/14/16 9:59,12.44,5.62E+12
West Brittanyton,11/10/16 7:06,4.13,8.15E+12
Zimmermanmouth,5/25/16 14:46,41.96,5.20E+12
Antoniomouth,10/22/16 1:49,6.05,1.70E+12
Travisville,6/17/16 9:02,19.79,6.02E+11
West Dawnfurt,10/18/16 2:10,43.77,1.01E+12
Kelseyland,4/25/16 2:18,20.05,1.15E+12
Russellport,7/11/16 8:01,37.34,9.63E+12
Sandymouth,11/24/16 10:24,41.22,2.82E+12
West Jefferyfurt,1/24/16 2:50,33.17,7.51E+12
West Brandy,7/5/16 4:36,13.56,7.15E+12
Prattfurt,1/21/16 22:17,35.32,2.85E+12
Lisaville,3/15/16 2:55,18.78,7.91E+12
West Dawnfurt,10/15/16 6:23,8.69,3.82E+12
Aprilchester,10/4/16 14:22,19.92,6.79E+12
Jacobfort,9/18/16 4:50,9.6,7.25E+12
Prattfurt,2/1/16 18:49,34.91,1.85E+12
West Peter,7/12/16 3:26,19.03,6.60E+12
East Erin,1/16/16 18:15,11.35,1.25E+12
Travisville,5/28/16 0:34,36.69,8.95E+11
Jacobfort,10/9/16 19:57,31.35,8.01E+12
Lake Sarashire,4/26/16 18:05,9.02,7.69E+12
Nguyenbury,4/7/16 6:59,19.01,4.65E+12
Kellershire,6/25/16 6:44,26.28,9.32E+12
Lake Stevenbury,3/5/16 14:09,27.68,7.16E+11
Lake Sarashire,7/9/16 5:23,21.92,1.01E+12
West Jefferyfurt,9/8/16 5:29,20.41,7.41E+11
Wiseborough,7/1/16 3:59,8.28,1.13E+12
Spencertown,3/4/16 7:28,44.15,2.93E+12
Carrollfort,11/29/16 19:04,23.59,9.66E+12
Jacobfort,11/18/16 16:19,37.31,6.74E+12
Wiseborough,11/26/16 17:24,7.42,6.77E+12
Jacobfort,11/10/16 5:11,22.1,3.64E+12
New Andreamouth,11/5/16 2:09,41.26,6.73E+12
Alyssaberg,10/28/16 0:13,40.47,7.11E+12
Williamshire,11/15/16 2:03,26.79,6.86E+12
New Christine,3/1/16 6:47,35.53,8.11E+11
Smithhaven,1/11/16 5:46,21.67,2.62E+12
Port Samantha,8/7/16 7:06,40.96,1.48E+12
New Aaron,10/11/16 2:49,13.03,6.75E+12
Nguyenbury,8/7/16 23:33,32.21,3.31E+12
Sarabury,8/14/16 19:56,7.83,4.98E+12
Swansonbury,11/22/16 10:34,33.17,4.97E+12
Kelseyland,1/25/16 8:47,9.29,2.14E+11
West Dawnfurt,3/30/16 2:38,43.05,8.27E+12
Swansonbury,10/9/16 4:32,42.58,4.95E+11
Port Samantha,6/15/16 20:23,29.34,7.03E+12
Lake Stevenbury,3/11/16 0:39,17.65,5.22E+12
Carrollfort,1/13/16 0:26,44.75,5.17E+11
New Maryport,9/13/16 9:09,40.93,4.39E+12
Swansonbury,9/10/16 13:14,28.62,4.57E+12
Nguyenbury,9/20/16 10:38,42.5,8.78E+12
East Erin,9/28/16 7:41,33.5,8.25E+11
Alyssaberg,7/21/16 13:43,18.02,5.82E+12
West Peter,8/1/16 23:45,19.16,2.87E+12
Alvarezhaven,5/26/16 11:36,39.28,8.88E+12
Travisville,8/6/16 13:51,9.49,3.55E+11
Stewartview,4/8/16 9:00,17.49,2.60E+12
Wiseborough,4/16/16 2:07,20.76,5.24E+11
Zimmermanmouth,8/9/16 4:35,26.63,2.33E+12
Spencertown,1/5/16 3:19,34.86,6.29E+12
West Brittanyton,8/9/16 7:46,19.17,5.49E+12
Torresshire,3/10/16 9:11,16.7,2.99E+12
Wiseborough,2/20/16 5:53,43.92,7.95E+12
Travisville,10/11/16 1:02,43.96,1.08E+12
Kimberlychester,7/26/16 1:07,30.08,8.32E+11
Russellport,1/4/16 8:24,26.01,1.08E+12
Lake Stevenbury,8/24/16 13:41,20.71,5.04E+12
South Josephville,8/31/16 4:27,32.65,2.48E+12
Jacobfort,1/5/16 15:34,7.75,25236397335
New David,11/28/16 0:01,25.8,6.93E+12
New Aaron,1/2/16 17:29,16.77,8.11E+12
Antoniomouth,11/4/16 11:06,14.44,9.93E+12
Davistown,4/29/16 11:46,8.47,5.95E+12
West Brandy,11/10/16 17:40,10.13,6.87E+12
Port Johnstad,2/25/16 7:35,9.95,5.09E+12
Rodriguezburgh,7/16/16 10:59,21.65,8.52E+12
Aprilchester,8/6/16 7:30,14.91,3.70E+12
Port Josephfurt,5/2/16 20:00,27.3,2.51E+12
Mooreview,8/5/16 13:20,38.45,5.76E+12
Nguyenbury,2/28/16 6:07,8.41,8.58E+12
Lake Sarashire,10/28/16 1:03,38.64,64134810300
West Brandy,1/18/16 8:05,40.96,3.84E+12
Smithhaven,1/12/16 8:42,25.23,9.74E+12
Zimmermanmouth,8/12/16 2:53,34.84,7.18E+12
South Josephville,3/13/16 6:50,19.84,7.09E+11
Port Josephfurt,9/13/16 21:50,38.27,1.42E+12
Maryside,1/14/16 17:40,21.34,6.99E+12
Sarabury,1/6/16 3:02,5.19,9.99E+12
Port Johnstad,10/2/16 2:55,39.86,1.21E+12
West Alexis,3/29/16 1:34,11.32,2.57E+12
Carrollfort,7/3/16 15:44,23.26,5.80E+12
Edwardsbury,4/6/16 19:40,15.86,1.17E+12
East Erin,9/27/16 18:13,28.95,1.38E+12
New Jeffrey,9/18/16 19:55,7.43,4.29E+12
Fosterside,5/11/16 13:59,7.65,6.73E+12
Kellershire,11/26/16 22:37,42.37,9.96E+12
Lake Jeffreyland,10/31/16 15:51,40.59,1.09E+12
Lisaville,6/26/16 14:09,15.81,9.43E+12
Davidtown,11/10/16 7:19,11.83,9.96E+11
West Brandy,6/8/16 20:12,38.93,3.01E+12
Davistown,6/4/16 18:13,35.48,9.64E+12
Alyssaberg,12/2/16 10:56,37.05,3.63E+12
Nguyenbury,9/6/16 15:59,30.56,2.57E+12
West Peter,5/21/16 4:03,37.04,2.68E+12
Smithhaven,4/22/16 21:43,8.23,3.77E+12
Lisaville,8/31/16 20:52,6.29,7.55E+12
Port Josephfurt,5/13/16 7:55,39.76,5.26E+12
Pamelahaven,2/26/16 20:48,26,34209065249
Lake Stevenbury,1/28/16 2:04,27.07,7.44E+11
Yolandafurt,10/15/16 9:08,32.99,7.25E+12
Sarabury,3/29/16 15:47,17,3.57E+12
Kelseyland,11/10/16 1:57,20.58,3.40E+12
Davidtown,5/29/16 18:55,34.22,5.09E+12
East Erin,8/8/16 19:41,39.79,2.03E+12
New Jeffrey,6/24/16 16:08,23.68,7.97E+12
Swansonbury,3/13/16 18:09,26.65,5.54E+12
Eriktown,12/4/16 23:09,33.27,3.31E+11
Alvarezhaven,1/28/16 23:53,9.87,2.75E+12
West Alexis,9/23/16 3:55,18.48,7.05E+12
Vickimouth,1/7/16 0:07,5.21,2.12E+11
Prattfurt,6/14/16 4:07,13.85,7.02E+12
West Sydneyhaven,1/21/16 8:13,33.69,2.51E+12
New Jeffrey,2/8/16 7:15,22.33,7.58E+12
Lisatown,4/20/16 10:10,11.93,8.95E+12
Edwardsbury,3/13/16 18:42,41.07,1.90E+12
South Josephville,10/27/16 2:16,14.83,1.02E+12
New Christine,5/11/16 4:37,44.62,1.33E+12
West Dawnfurt,5/16/16 19:34,31.5,3.26E+12
Port Josephfurt,10/28/16 19:37,33.67,2.12E+12
Mooreview,11/16/16 17:08,14.13,8.09E+12
Alvarezhaven,4/25/16 8:50,31.82,7.95E+12
Kellershire,9/25/16 9:29,42.9,9.95E+12
Yolandafurt,9/24/16 14:53,21.25,8.00E+12
Davidtown,2/3/16 18:31,22.05,8.25E+12
Port Samantha,6/25/16 1:09,8.82,6.17E+11
Stewartview,4/12/16 13:56,28.57,3.73E+12
Arnoldview,11/20/16 2:14,19.44,8.43E+12
Zimmermanmouth,5/11/16 17:45,37.04,9.09E+12
South Bryanstad,6/29/16 6:05,32.39,1.64E+12
West Dawnfurt,5/25/16 21:32,14.57,6.64E+12
Stewartview,5/20/16 5:27,41.88,6.12E+12
Lisaville,1/13/16 1:46,5.74,4.97E+12
Pamelahaven,4/28/16 13:58,17.43,91221495577
New David,8/20/16 16:26,42.89,3.27E+12
Kimberlychester,5/27/16 14:10,12.66,8.01E+12
Edwardsbury,1/4/16 6:07,19.65,9.01E+12
New Andreamouth,4/22/16 22:08,22.91,6.08E+12
Yolandafurt,4/27/16 10:08,41.96,9.63E+11
West Jefferyfurt,3/26/16 3:21,10.72,3.46E+11
Smithhaven,1/21/16 16:45,36.41,1.86E+12
West Jefferyfurt,11/14/16 17:44,41.78,1.12E+12
Arnoldview,8/15/16 4:42,9.53,2.87E+12
Alvarezhaven,9/16/16 14:36,20.61,8.31E+12
Lake Sarashire,8/1/16 9:48,25.32,1.73E+12
South Louis,4/2/16 17:00,34.7,4.42E+12
Port Johnstad,1/20/16 15:00,9.6,2.86E+12
Sandymouth,7/9/16 10:53,12.89,8.17E+12
West Brandy,10/31/16 13:28,24.86,3.80E+11
South Louis,5/2/16 20:58,40.86,2.11E+12
Yolandafurt,7/30/16 10:52,17.1,9.31E+12
Yolandafurt,2/25/16 6:52,26.78,7.82E+12
Lisaville,1/3/16 6:26,44.07,7.75E+12
South Roy,8/25/16 3:24,40.56,7.59E+12
West Sydneyhaven,2/29/16 6:49,30.76,9.45E+11
South Louis,6/6/16 9:51,6.18,3.87E+12
Davidtown,9/25/16 8:12,8.7,4.90E+12
Yolandafurt,9/8/16 11:16,12.06,6.62E+12
Jacobfort,6/21/16 12:12,32.99,6.97E+11
Davistown,6/14/16 16:04,36.5,3.85E+12
Port Martinberg,12/4/16 14:51,14.4,1.95E+11
West Alexis,10/16/16 10:50,9.6,7.83E+12
West Peter,3/29/16 14:07,41.34,6.03E+12
New Maryport,5/11/16 5:20,43.67,7.73E+12
Port Martinberg,11/9/16 13:16,33.52,5.31E+12
Kimberlychester,10/21/16 3:27,32.16,8.27E+12
Zimmermanmouth,1/28/16 1:13,43.51,2.49E+12
West Jefferyfurt,12/1/16 3:23,28.03,6.68E+12
Port Martinberg,11/27/16 1:04,6.84,5.04E+12
South Josephville,1/24/16 20:32,19.48,6.04E+12
Lake Stevenbury,1/9/16 17:18,37.12,3.35E+12
Maryside,7/12/16 9:31,34.72,9.08E+12
Russellport,4/15/16 8:21,6.96,1.69E+12
Lake Jeffreyland,2/28/16 17:11,27.52,5.78E+12
South Josephville,7/9/16 19:50,23.29,8.93E+12
Fosterside,6/1/16 6:32,6.54,9.74E+12
West Jefferyfurt,3/27/16 10:42,13.39,1.43E+12
New Jeffrey,4/4/16 20:56,32.9,1.58E+12
Yolandafurt,10/4/16 2:52,10.59,6.50E+12
Antoniomouth,4/18/16 21:10,18.17,5.10E+11
Williamshire,9/7/16 19:44,21.39,2.68E+12
Alvarezhaven,3/16/16 22:24,31.08,7.41E+12
Alvarezhaven,1/20/16 6:52,42.41,7.83E+12
Torresshire,3/30/16 11:21,43.16,4.45E+12
Lisaville,7/26/16 0:46,35.74,2.32E+12
Lisaville,2/9/16 11:33,15.65,5.34E+12
Carrollfort,11/22/16 11:14,39.24,1.92E+12
West Dawnfurt,9/1/16 12:26,31.07,5.27E+12
Pamelahaven,8/24/16 3:25,5.75,9.47E+12
South Bryanstad,9/27/16 22:34,33.54,4.07E+12
Wiseborough,2/19/16 8:39,33.78,7.19E+12
West Peter,10/15/16 14:24,33.98,7.42E+12
Lisaville,1/23/16 11:09,9.35,7.85E+12
Edwardsbury,5/20/16 12:21,31.62,9.78E+12
Yolandafurt,3/22/16 22:33,43.36,6.40E+11
South Louis,5/23/16 10:05,27.25,8.86E+12
Port Martinberg,11/18/16 11:20,11.98,8.14E+12
Stewartview,11/25/16 9:06,18.7,9.76E+12
South Roy,10/31/16 21:45,28.07,9.95E+12
Nguyenbury,7/16/16 16:37,26.6,5.12E+12
Lake Stevenbury,3/24/16 11:58,6.36,1.63E+12
Port Samantha,7/24/16 2:02,43.19,9.83E+12
Williamshire,4/26/16 16:22,20.7,7.18E+12
New Christine,4/26/16 4:02,20.22,1.67E+12
Kelseyland,8/15/16 11:55,27.45,8.46E+12
Davistown,9/19/16 9:09,35.84,4.99E+11
Aprilchester,2/20/16 15:43,15.39,5.48E+12
West Brittanyton,4/5/16 8:31,41.3,7.70E+12
South Bryanstad,6/5/16 5:07,14.5,5.65E+12
West Brittanyton,1/18/16 2:50,31.07,7.28E+12
Sarabury,11/20/16 11:44,28.47,3.79E+12
Port Johnstad,1/9/16 16:42,21.06,6.44E+12
Lake Jennaton,9/22/16 13:51,21.59,6.63E+12
Port Martinberg,2/16/16 21:14,25.83,2.24E+12
Aprilchester,6/3/16 6:18,36.62,5.99E+12
Vickimouth,8/17/16 3:09,22.06,4.53E+12
New Jeffrey,8/9/16 4:33,23.89,3.80E+12
East Douglas,4/20/16 22:39,29.35,3.95E+12
South Louis,1/2/16 10:08,31.02,6.84E+12
Edwardsbury,3/21/16 19:04,41.75,8.93E+12
Kellershire,3/13/16 0:52,10.91,1.08E+12
Arnoldview,8/17/16 11:57,21.78,6.04E+12
New Christine,7/10/16 23:25,32.66,5.93E+12
Kimberlychester,4/21/16 12:07,5.72,5.64E+12
Carrollfort,3/22/16 7:16,18.82,1.39E+12
Nguyenbury,1/20/16 7:53,25.89,2.81E+12
Williamshire,2/20/16 20:54,27.82,4.35E+12
Spencertown,2/2/16 16:49,5.85,3.84E+12
Lisatown,11/16/16 3:43,10.47,6.84E+12
Russellport,2/18/16 2:09,34.36,1.26E+11
Stewartview,1/29/16 19:50,4.44,2.11E+12
Lake Jeffreyland,3/20/16 23:46,22.63,8.44E+12
Edwardsbury,7/3/16 16:57,25.52,5.66E+12
Alvarezhaven,6/25/16 22:46,24.16,9.05E+12
Edwardsbury,4/11/16 12:58,29.82,5.97E+12
New Andreamouth,9/13/16 22:56,11.52,1.53E+12
Lisaville,9/16/16 18:53,23.31,2.36E+12
Jacobfort,10/4/16 3:20,26.17,6.42E+12
Arnoldview,1/11/16 9:47,43.75,4.49E+12
Wiseborough,3/27/16 6:05,32.29,9.25E+12
Edwardsbury,7/30/16 3:55,25.37,9.23E+12
New Andreamouth,6/18/16 20:26,25.75,7.12E+12
Zimmermanmouth,11/28/16 22:05,41.58,7.49E+12
Yolandafurt,6/22/16 3:24,20.53,4.14E+12
East Erin,11/17/16 19:02,33.87,7.49E+12
Arnoldview,2/8/16 22:37,22.88,2.43E+12
West Oscar,2/14/16 14:25,20.63,4.86E+12
Kellershire,8/9/16 8:37,4.56,3.43E+12
Maryside,10/8/16 5:03,35.67,9.89E+12
Spencertown,6/24/16 2:33,27.18,5.10E+12
New Aaron,3/23/16 1:00,33.34,4.21E+12
Lake Jeffreyland,2/3/16 4:42,12.68,1.95E+12
Stewartview,6/9/16 15:27,31.44,2.08E+12
Sandymouth,1/6/16 13:48,20.21,1.27E+12
Smithhaven,10/12/16 5:55,4.57,8.48E+12
Swansonbury,5/4/16 10:19,19.84,2.17E+12
Kellershire,1/12/16 6:57,35.44,5.62E+12
West Brandy,1/14/16 21:11,31.44,6.18E+12
Mooreview,8/21/16 6:14,31.1,6.95E+12
West Alexis,5/8/16 2:47,26.93,1.03E+12
Prattfurt,2/25/16 15:22,36.71,3.93E+12
Alvarezhaven,6/21/16 9:57,20.88,9.46E+12
Mooreview,8/12/16 3:05,44.84,2.37E+11
Torresshire,1/31/16 15:24,25.62,6.88E+12
Prattfurt,7/30/16 21:39,4.43,8.20E+12
New Christine,6/11/16 5:38,17.3,1.67E+12
Kimberlychester,1/31/16 21:22,38.32,7.75E+12
New Christine,8/7/16 0:57,20.9,7.68E+12
Pearsonberg,1/13/16 4:51,16.25,1.75E+12
Kimberlychester,11/10/16 18:49,10.61,3.44E+12
Mooreview,3/26/16 8:26,14.01,2.17E+11
Sandymouth,8/3/16 4:30,8.22,2.54E+12
Davistown,1/16/16 10:44,5.12,4.87E+12
Swansonbury,5/29/16 3:08,10.8,8.54E+11
South Josephville,5/29/16 19:55,44.23,8.12E+12
Mooreview,10/8/16 14:34,30.29,9.88E+12
Sarabury,7/17/16 20:41,17.79,9.66E+12
Stewartview,6/11/16 14:17,19.07,4.92E+12
East Erin,2/10/16 8:43,19.01,9.75E+12
New Christine,7/23/16 19:47,23.21,4.12E+12
Carrollfort,2/27/16 18:37,44.51,9.35E+12
New David,8/9/16 11:20,44.44,6.24E+12
Wiseborough,4/28/16 16:54,41.3,3.10E+12
Swansonbury,1/30/16 8:13,21.1,7.10E+12
Zimmermanmouth,4/22/16 7:47,26.23,6.06E+12
Antoniomouth,10/25/16 15:12,40.92,5.15E+12
Antoniomouth,4/28/16 12:43,11.39,6.10E+12
Stewartview,11/21/16 23:28,29.28,2.58E+12
West Oscar,6/24/16 16:45,12.61,5.14E+12
Aprilchester,2/21/16 9:13,27.07,9.58E+12
New Christine,1/15/16 7:10,31.88,5.14E+12
Davistown,7/18/16 16:45,12.81,1.65E+12
Spencertown,2/16/16 2:44,21.21,5.92E+12
Swansonbury,3/9/16 21:06,23.26,7.30E+11
Kellershire,8/6/16 10:39,32.55,6.35E+12
Nguyenbury,11/22/16 9:02,24.25,1.64E+12
Lake Stevenbury,3/1/16 12:52,25.31,1.38E+12
Edwardsbury,5/26/16 23:53,5.96,6.22E+12
South Louis,1/13/16 17:48,30.92,9.73E+12
Maryside,10/16/16 23:48,44.22,2.89E+12
Davidtown,6/26/16 7:05,17.1,3.81E+12
Port Johnstad,5/13/16 6:40,38.87,3.05E+12
Travisville,1/26/16 11:47,13.02,4.44E+11
West Brandy,8/5/16 20:15,12.85,1.82E+12
South Josephville,8/31/16 7:56,25.22,1.29E+12
Davidtown,4/1/16 17:47,38.12,1.93E+12
Maryside,8/5/16 23:36,8.01,6.87E+12
Davistown,1/15/16 9:12,21.64,3.79E+12
Sarabury,11/6/16 2:23,19.48,7.31E+12
New Aaron,7/1/16 2:22,4.9,4.05E+12
Carrollfort,8/1/16 22:20,37.35,9.89E+11
Sandymouth,1/12/16 22:04,43.97,8.99E+12
Carrollfort,7/26/16 19:41,32.92,6.90E+12
New Jeffrey,2/7/16 10:10,9.87,4.46E+12
Pearsonberg,2/13/16 4:25,17.05,2.03E+12
Fosterside,4/26/16 3:40,29.14,4.62E+12
Maryside,9/22/16 0:38,15.92,5.94E+12
West Alexis,1/3/16 18:29,32.37,9.18E+12
West Brandy,9/13/16 16:54,18.61,4.95E+12
South Josephville,11/28/16 17:14,41.55,6.06E+12
Lake Jennaton,1/20/16 19:07,19.67,7.67E+12
Eriktown,10/16/16 3:23,14.4,8.26E+11
Torresshire,5/17/16 6:36,21.36,1.62E+12
Prattfurt,5/8/16 14:33,14.96,6.09E+12
Kelseyland,8/1/16 10:51,33.51,6.61E+12
Sandymouth,4/16/16 23:11,33.4,1.39E+12
South Louis,10/28/16 15:04,21.72,6.61E+12
West Peter,2/5/16 1:21,29.48,8.80E+12
Alvarezhaven,9/23/16 21:51,17.67,3.83E+12
West Brittanyton,7/18/16 1:47,16.44,2.17E+12
Mooreview,1/22/16 5:18,36.06,8.15E+12
Kelseyland,4/13/16 12:07,6.56,8.10E+12
Port Samantha,10/22/16 12:26,24.85,4.32E+12
Williamshire,2/3/16 5:41,35.47,3.64E+12
South Josephville,9/27/16 20:23,20.31,3.11E+12
Torresshire,2/14/16 1:09,40.79,5.10E+12
Williamshire,11/6/16 16:41,33.53,28453889331
Edwardsbury,8/24/16 22:22,27.48,6.08E+12
Davidtown,9/20/16 16:34,35.57,3.28E+12
South Josephville,4/15/16 11:37,22.03,8.63E+11
West Sydneyhaven,3/6/16 4:14,18.89,8.00E+12
West Sydneyhaven,12/3/16 18:22,38.06,3.74E+11
West Dawnfurt,3/7/16 11:59,25.49,5.32E+12
Prattfurt,6/5/16 2:53,32.51,4.49E+12
Spencertown,6/7/16 6:22,36.33,8.19E+12
Sarabury,9/26/16 7:30,26.71,6.31E+12
Swansonbury,10/22/16 20:56,26.51,2.51E+12
Swansonbury,7/6/16 7:38,35.5,7.45E+11
Carrollfort,4/22/16 0:17,14.59,3.30E+12
South Josephville,1/18/16 13:17,30.42,9.19E+12
Eriktown,3/5/16 16:06,39.02,2.05E+12
Alvarezhaven,5/15/16 20:43,40.04,1.81E+12
West Dawnfurt,3/21/16 3:21,32.57,3.45E+12
Pearsonberg,7/13/16 21:51,14.31,5.21E+12
New Jeffrey,10/28/16 13:36,5.91,7.69E+12
West Brittanyton,5/24/16 1:21,29.18,9.18E+12
West Dawnfurt,11/4/16 21:35,41.06,2.40E+12
Lisatown,6/29/16 9:06,12.37,3.11E+12
Pearsonberg,10/27/16 17:34,36.05,2.83E+12
West Peter,5/25/16 0:54,26.43,1.30E+12
Nguyenbury,1/14/16 6:31,20,4.20E+12
Sarabury,6/4/16 20:50,14.19,8.77E+12
Williamshire,7/12/16 8:03,31.25,7.77E+11
Swansonbury,3/31/16 5:01,9.5,1.50E+12
Arnoldview,2/6/16 7:18,41.75,9.53E+12
South Louis,9/27/16 15:50,21.79,7.85E+12
New David,10/28/16 10:22,21.83,2.07E+12
Rodriguezburgh,2/11/16 4:21,10,2.36E+12
Smithhaven,9/9/16 11:41,41.08,7.48E+12
Alyssaberg,8/5/16 8:42,13.16,5.66E+12
Lisatown,11/23/16 13:20,18.71,8.90E+12
Lake Jennaton,7/21/16 1:45,39.53,2.73E+12
Port Samantha,3/26/16 7:09,42.89,9.40E+12
Port Josephfurt,6/5/16 22:30,22.74,8.40E+12
Port Samantha,6/14/16 23:37,43.01,9.04E+12
Prattfurt,5/5/16 16:02,31.64,5.09E+11
Kelseyland,1/12/16 22:51,20.19,3.05E+12
Lake Sarashire,7/12/16 12:19,7.9,7.64E+12
West Alexis,6/13/16 10:29,26.06,2.56E+12
Antoniomouth,8/2/16 10:31,27.67,9.79E+12
Torresshire,3/28/16 20:33,42.68,3.88E+11
Russellport,6/20/16 18:45,4.71,5.26E+12
West Brittanyton,6/5/16 13:25,24.53,6.69E+11
West Dawnfurt,6/14/16 16:29,19.59,7.75E+12
West Dawnfurt,6/10/16 15:02,7.81,7.73E+12
West Dawnfurt,11/26/16 13:54,8.7,6.77E+12
Kimberlychester,4/12/16 19:30,18.58,9.09E+12
New David,2/3/16 11:26,42.66,8.84E+12
West Oscar,5/27/16 14:01,44.39,3.59E+12
Eriktown,3/29/16 23:56,18.37,3.66E+12
East Douglas,7/21/16 23:45,26.63,3.49E+12
West Peter,7/22/16 17:22,10.58,4.87E+12
Yolandafurt,8/12/16 14:44,22.04,9.10E+12
Davidtown,10/20/16 9:56,26.56,2.10E+12
Stewartview,5/16/16 17:50,30.59,5.37E+11
West Brandy,5/23/16 5:39,34.32,7.93E+12
Lake Stevenbury,3/4/16 12:45,29.95,6.33E+12
Lisatown,9/11/16 15:56,42.66,6.05E+12
Port Samantha,9/28/16 5:42,25,8.14E+12
East Douglas,11/10/16 16:06,17.92,1.58E+12
Alyssaberg,10/6/16 19:07,21.13,1.13E+12
Kelseyland,5/31/16 1:05,35.22,5.95E+12
Rodriguezburgh,2/4/16 21:02,16.11,5.86E+12
Arnoldview,6/24/16 18:59,21.61,4.14E+12
Lake Jennaton,1/3/16 10:08,20.39,9.78E+12
Carrollfort,2/27/16 5:17,43.82,3.75E+12
Spencertown,10/6/16 8:07,38.31,2.98E+12
South Louis,3/8/16 21:59,43.69,3.70E+12
Aprilchester,1/19/16 19:44,9.84,1.85E+11
New Maryport,2/17/16 6:13,31.04,8.96E+12
Fosterside,4/20/16 15:20,39.01,6.37E+12
Port Johnstad,10/22/16 2:57,8.7,4.90E+12
Davidtown,5/21/16 16:42,33.58,9.18E+12
New Maryport,6/23/16 16:05,34.16,1.78E+11
Eriktown,6/30/16 0:24,12.2,5.23E+12
West Dawnfurt,2/17/16 21:34,35.98,1.35E+12
New David,10/21/16 9:53,6.27,6.67E+12
Lisaville,10/21/16 15:14,38.8,3.38E+12
Sandymouth,9/22/16 14:12,26.58,7.81E+12
Alyssaberg,5/8/16 2:43,28.34,7.24E+12
Kelseyland,7/13/16 16:53,10.31,2.18E+12
East Erin,11/28/16 5:38,7.32,2.43E+12
Travisville,11/11/16 18:51,44.62,4.73E+12
Port Samantha,7/24/16 18:19,11.17,5.31E+12
East Douglas,6/18/16 6:57,22.04,8.70E+12
West Peter,1/10/16 18:15,19.49,3.67E+12
New David,5/29/16 17:14,18.57,8.61E+12
West Peter,11/19/16 4:06,5.56,6.61E+12
Williamshire,8/18/16 13:36,13.57,1.68E+12
Sandymouth,9/5/16 1:04,13.46,2.70E+12
South Bryanstad,8/24/16 6:00,23.54,7.52E+12
Lake Stevenbury,8/1/16 18:36,19.02,4.67E+12
South Bryanstad,9/16/16 4:09,14.24,4.38E+12
South Bryanstad,2/6/16 17:12,28.84,7.82E+12
Wiseborough,8/31/16 7:06,14.63,3.38E+11
South Bryanstad,10/31/16 23:41,23.41,3.76E+12
East Erin,1/9/16 0:18,44.82,3.07E+12
South Bryanstad,5/1/16 23:07,42.69,5.02E+12
Port Josephfurt,4/11/16 12:32,30.21,8.06E+12
Torresshire,10/25/16 3:09,39.42,2.48E+11
Pamelahaven,4/13/16 17:55,27.19,7.06E+12
Russellport,9/10/16 2:46,34.13,8.52E+12
Wiseborough,11/4/16 1:13,15.13,9.04E+12
Lake Stevenbury,1/7/16 13:52,34.78,6.28E+12
Kelseyland,1/7/16 7:15,11.45,6.01E+11
Nguyenbury,9/25/16 18:02,29.26,6.11E+11
East Erin,1/20/16 8:01,9.85,6.40E+12
Arnoldview,11/30/16 4:23,30.67,3.14E+12
Arnoldview,9/4/16 7:46,41.38,6.51E+12
New David,1/30/16 2:35,43.31,4.91E+12
Nguyenbury,7/6/16 23:10,43.1,2.84E+12
South Roy,6/10/16 6:56,31.69,7.41E+12
Port Josephfurt,4/4/16 20:08,12.45,6.95E+12
Sandymouth,10/27/16 9:17,30.09,8.17E+12
South Roy,4/8/16 3:51,11.09,2.13E+12
Maryside,8/14/16 0:46,41.92,5.60E+12
Lisatown,1/1/16 8:51,41.61,5.61E+12
Smithhaven,4/26/16 18:48,34.89,3.87E+12
Pearsonberg,1/22/16 14:41,6.71,3.47E+12
South Roy,1/23/16 12:55,38.6,6.77E+12
Kimberlychester,8/2/16 23:10,42.21,6.31E+12
Lake Jennaton,10/29/16 12:16,42.63,1.96E+12
Alyssaberg,2/12/16 18:57,22.64,4.89E+12
Eriktown,9/8/16 8:52,25.66,5.37E+12
New David,3/5/16 14:14,19.92,7.53E+12
Kelseyland,4/9/16 13:17,27.85,5.75E+12
New Maryport,10/13/16 0:53,27.72,5.22E+12
West Peter,9/16/16 2:23,7.35,1.76E+12
Sarabury,1/22/16 23:12,38.4,1.18E+12
Jacobfort,5/25/16 10:21,36.1,2.59E+12
Zimmermanmouth,5/27/16 2:07,41.16,3.88E+11
West Jefferyfurt,6/1/16 17:40,16.21,5.33E+12
Kelseyland,6/30/16 1:59,8.27,4.38E+12
Lake Jeffreyland,6/24/16 18:03,22,2.03E+12
Lake Jennaton,1/31/16 16:46,43.01,5.88E+12
Lisaville,8/21/16 9:35,28.99,2.56E+12
Jacobfort,6/11/16 6:51,16.61,2.63E+12
Alyssaberg,7/19/16 21:09,27.76,8.76E+12
Sarabury,3/29/16 19:07,20.56,7.02E+12
New Andreamouth,2/21/16 9:17,14.71,8.98E+12
Rodriguezburgh,8/30/16 17:34,5.95,2.22E+12
Prattfurt,1/30/16 14:38,41.58,9.51E+12
New Christine,10/26/16 19:33,19.39,6.50E+12
Port Samantha,11/5/16 17:57,34.57,7.55E+12
Stewartview,2/13/16 4:06,31.08,5.16E+12
Aprilchester,8/8/16 10:15,13.05,4.88E+12
Williamshire,6/14/16 18:35,30.22,9.15E+11
Carrollfort,11/1/16 11:32,6.27,9.47E+12
Edwardsbury,8/16/16 7:09,11.34,1.99E+12
East Erin,2/28/16 5:52,38.82,4.13E+12
Williamshire,3/14/16 17:49,35.4,2.12E+12
New Jeffrey,2/18/16 6:10,7.52,4.93E+12
New Maryport,5/25/16 22:41,31.21,7.46E+12
Rodriguezburgh,4/17/16 14:08,17.7,9.03E+12
New Aaron,3/8/16 3:33,21.76,8.61E+11
West Peter,4/13/16 17:28,24.14,6.36E+12
Vickimouth,3/17/16 18:07,27.77,6.04E+12
Prattfurt,10/5/16 4:45,33.82,7.05E+12
Kimberlychester,11/11/16 22:27,42.6,6.98E+12
Prattfurt,5/8/16 5:04,5.63,1.17E+11
Davidtown,11/4/16 10:20,15.6,8.53E+12
West Dawnfurt,3/20/16 14:25,21.38,2.13E+12
Alvarezhaven,6/11/16 23:45,43.34,3.94E+12
Lake Sarashire,2/2/16 14:47,33.81,7.11E+12
Zimmermanmouth,8/31/16 18:06,24.23,3.36E+12
West Brittanyton,7/23/16 18:48,29.67,4.37E+12
Alyssaberg,8/29/16 10:28,13.72,1.40E+11
Sandymouth,4/16/16 21:26,24.02,3.83E+12
Swansonbury,3/8/16 1:27,37.54,9.46E+12
Port Samantha,4/1/16 3:42,26.33,1.38E+12
West Oscar,1/30/16 18:19,29.66,9.57E+12
Lake Sarashire,10/3/16 23:48,17.52,9.38E+12
Kellershire,2/14/16 12:29,17.36,6.05E+12
Maryside,1/3/16 11:36,5.22,3.11E+12
West Dawnfurt,6/23/16 9:11,6.08,7.97E+11
New Jeffrey,9/24/16 16:09,27.65,4.11E+12
Antoniomouth,3/17/16 9:02,28.55,3.16E+12
Lake Stevenbury,6/3/16 16:35,15.58,7.53E+12
Edwardsbury,8/26/16 16:25,30.72,1.92E+12
West Peter,9/2/16 15:47,40.12,3.81E+12
South Bryanstad,6/18/16 11:37,19.49,4.93E+12
New Andreamouth,4/4/16 5:44,6.85,5.86E+12
Mooreview,11/2/16 19:56,26.56,9.23E+12
Port Josephfurt,10/26/16 7:25,28.61,6.45E+11
Prattfurt,3/20/16 8:26,20.11,2.25E+12
Carrollfort,11/20/16 12:58,41.18,7.89E+12
Lake Jennaton,3/29/16 19:40,12.34,4.73E+11
Zimmermanmouth,6/10/16 17:19,39.65,5.69E+12
Kimberlychester,8/2/16 7:04,16.09,8.79E+12
Alvarezhaven,2/7/16 2:46,35.22,5.41E+12
Travisville,9/25/16 7:58,29.28,4.29E+12
West Brittanyton,10/26/16 7:04,11.88,9.06E+12
Lisaville,7/4/16 18:29,10.68,1.65E+12
New Jeffrey,10/10/16 19:40,25.22,1.81E+12
Davistown,11/6/16 12:05,11.02,9.15E+11
Nguyenbury,9/29/16 1:55,30.59,8.79E+12
Maryside,10/2/16 16:45,40.34,3.30E+11
Lake Jennaton,3/16/16 7:06,16.98,1.18E+12
Aprilchester,9/7/16 22:49,7.97,3.96E+12
Stewartview,7/13/16 19:19,9.01,2.32E+12
Williamshire,3/8/16 2:20,21.46,6.49E+12
Maryside,9/9/16 6:19,12.44,4.49E+12
Pearsonberg,1/21/16 1:02,16.47,2.94E+12
West Peter,9/24/16 0:26,26.79,5.25E+12
Torresshire,8/6/16 1:48,40.28,2.83E+12
Arnoldview,6/5/16 11:38,16.7,4.45E+12
Russellport,10/31/16 19:39,40.67,5.83E+12
Lake Jennaton,5/10/16 12:33,40.26,4.79E+12
South Louis,3/22/16 2:47,13.79,7.67E+12
Port Samantha,11/7/16 17:55,22.72,8.73E+12
West Jefferyfurt,9/3/16 8:12,20.26,2.80E+11
Lake Sarashire,8/13/16 1:15,19.48,2.79E+12
Smithhaven,4/19/16 14:08,36.69,7.53E+12
West Alexis,2/11/16 13:05,26,7.29E+12
Lake Sarashire,5/5/16 12:57,32.48,3.34E+11
New Aaron,4/11/16 5:27,18.78,51186564251
West Alexis,4/15/16 0:27,21.2,8.48E+12
Port Johnstad,9/12/16 1:35,42.82,7.84E+12
Carrollfort,3/11/16 18:01,28.69,5.40E+12
Arnoldview,3/31/16 17:49,41.28,3.24E+12
East Douglas,9/8/16 4:35,33.49,4.54E+12
West Oscar,8/4/16 16:57,25.05,6.96E+11
South Roy,3/15/16 13:52,25,6.49E+12
Lisaville,9/30/16 22:29,31.06,18075235678
West Dawnfurt,3/22/16 14:35,7.82,9.20E+12
Mooreview,6/20/16 0:25,42.02,9.99E+12
Port Johnstad,3/24/16 23:17,31.35,9.42E+12
New Maryport,4/1/16 11:56,16.69,7.63E+12
New Andreamouth,8/13/16 19:53,34,3.05E+12
West Jefferyfurt,11/17/16 15:09,4.86,1.98E+12
Smithhaven,11/16/16 15:15,39.91,4.43E+12
East Douglas,9/3/16 11:29,39.24,5.95E+11
Pearsonberg,1/15/16 17:30,44.88,9.35E+12
West Peter,5/12/16 12:20,43.75,6.80E+12
West Alexis,9/23/16 4:28,15.23,3.44E+12
West Brandy,7/30/16 12:54,19.27,1.25E+11
Wiseborough,10/9/16 11:04,12.01,4.48E+12
Kimberlychester,10/19/16 1:43,32.44,6.67E+12
Fosterside,7/16/16 2:09,36.38,2.30E+12
Antoniomouth,11/16/16 20:22,10.26,1.81E+11
Fosterside,4/2/16 0:12,25.85,5.88E+12
West Peter,5/6/16 22:57,28.4,1.65E+12
New Maryport,4/19/16 9:54,12.96,3.57E+12
West Brittanyton,8/17/16 18:54,25.26,5.73E+12
Travisville,8/12/16 1:58,19.44,1.05E+12
New Andreamouth,7/11/16 18:21,30.28,6.83E+11
Port Johnstad,10/16/16 11:44,15.35,4.66E+12
Jacobfort,7/15/16 21:56,8.32,5.03E+12
South Josephville,10/24/16 13:28,39.81,4.94E+12
Lisaville,6/4/16 23:12,44.13,7.98E+12
New David,7/14/16 23:15,6.03,4.36E+11
Alvarezhaven,1/21/16 7:25,22.83,3.57E+12
Port Josephfurt,4/28/16 19:43,25.47,8.90E+12
Edwardsbury,11/4/16 5:16,36.21,6.54E+12
Port Martinberg,10/6/16 2:34,20.33,3.54E+12
Davistown,7/11/16 16:00,16.4,6.65E+11
Sarabury,10/18/16 4:33,37.5,1.05E+12
West Brandy,3/21/16 18:34,40.82,4.55E+12
South Bryanstad,6/15/16 9:52,30.49,1.96E+12
Swansonbury,2/19/16 18:09,41.36,5.64E+12
Jacobfort,5/14/16 18:47,34.02,2.90E+12
Jacobfort,3/2/16 21:38,20.25,5.10E+12
Prattfurt,10/10/16 13:14,27.01,3.89E+12
West Sydneyhaven,5/27/16 20:27,16.88,5.32E+12
Zimmermanmouth,6/1/16 11:10,42.01,5.89E+11
Eriktown,7/20/16 15:09,33.82,2.16E+12
Williamshire,7/15/16 2:06,26.93,1.13E+12
Zimmermanmouth,9/15/16 0:25,21.88,1.94E+12
Vickimouth,11/8/16 18:43,22.19,4.24E+12
Swansonbury,2/19/16 3:13,21.13,1.19E+12
Port Josephfurt,6/25/16 6:09,6.94,5.51E+12
Williamshire,8/12/16 21:51,23.65,6.74E+12
Alyssaberg,7/1/16 15:29,36,1.28E+12
Jacobfort,9/29/16 10:25,29.05,6.19E+12
South Louis,9/29/16 10:37,44.14,5.72E+12
Aprilchester,10/7/16 21:35,43.31,5.06E+12
West Oscar,7/12/16 4:00,8.67,3.45E+12
West Sydneyhaven,4/23/16 18:33,22.73,5.35E+12
Port Martinberg,11/5/16 23:22,29.19,5.32E+11
Davistown,5/31/16 17:59,8.51,5.20E+11
Swansonbury,3/25/16 17:50,44.11,5.06E+12
Torresshire,10/3/16 0:19,43.25,6.93E+12
New Jeffrey,1/8/16 5:09,28.38,6.60E+12
Port Johnstad,8/15/16 19:53,4.05,6.27E+11
Arnoldview,3/25/16 6:12,13.48,1.94E+12
Port Josephfurt,1/11/16 3:22,39.5,1.07E+12
West Oscar,5/25/16 3:59,36.56,8.93E+12
South Louis,6/4/16 1:01,26.72,8.47E+12
West Oscar,9/25/16 9:47,12.4,20928457069
Russellport,10/19/16 15:17,27.9,3.58E+12
Lake Jennaton,7/24/16 3:38,28.22,7.02E+12
Maryside,3/19/16 18:58,17.06,6.39E+12
Smithhaven,5/8/16 22:23,40.49,9.80E+12
Port Martinberg,6/27/16 18:51,18.47,1.19E+12
Fosterside,11/7/16 18:52,17.47,2.68E+11
New Jeffrey,8/27/16 9:10,23.71,6.36E+11
Pamelahaven,1/7/16 15:08,37.23,5.76E+12
Torresshire,9/29/16 20:31,14.35,1.56E+12
West Brandy,3/17/16 16:32,44.12,4.15E+12
Prattfurt,1/24/16 17:39,24.67,3.18E+12
West Oscar,4/3/16 22:42,37.73,5.05E+12
Kimberlychester,11/20/16 0:22,11.23,2.81E+12
Maryside,3/16/16 22:22,33.19,4.82E+12
Kellershire,7/22/16 0:14,26.08,1.00E+13
South Josephville,8/26/16 19:29,34.33,2.39E+12
Alyssaberg,6/8/16 22:23,4.85,6.74E+12
Alvarezhaven,5/1/16 14:35,22.54,6.44E+12
New Aaron,7/11/16 23:32,35.42,8.74E+12
East Erin,11/5/16 22:54,20.02,5.95E+12
Russellport,7/7/16 22:03,15.99,4.09E+11
East Douglas,11/20/16 15:55,44.07,2.22E+12
Port Martinberg,7/9/16 7:34,27.88,7.27E+12
Stewartview,3/28/16 7:23,14.43,7.79E+12
Lake Sarashire,5/8/16 22:12,36.32,9.45E+11
Vickimouth,9/7/16 21:52,26.31,8.80E+12
West Brandy,4/10/16 19:17,6.56,7.23E+12
Port Johnstad,2/15/16 19:16,38.17,8.33E+12
Antoniomouth,5/28/16 5:23,18.56,4.80E+12
New Andreamouth,4/30/16 12:02,35.68,6.00E+12
Kellershire,4/2/16 12:01,22.22,4.84E+12
Nguyenbury,10/25/16 21:23,8.06,1.02E+12
West Brandy,6/8/16 13:27,5.85,5.64E+12
Davidtown,8/2/16 4:52,29.79,3.80E+12
Fosterside,4/17/16 5:32,22.15,2.79E+12
West Dawnfurt,5/2/16 22:34,30.97,4.71E+12
Swansonbury,5/2/16 17:18,26.71,6.15E+12
South Louis,2/14/16 3:22,23.15,6.61E+12
Sandymouth,1/19/16 11:06,39.95,6.38E+11
West Brittanyton,5/23/16 7:10,21.94,2.10E+12
Davidtown,3/16/16 15:08,33.11,5.48E+12
Edwardsbury,7/26/16 14:40,36.86,7.63E+12
Fosterside,2/23/16 9:11,13.85,9.73E+12
Lake Jeffreyland,7/22/16 17:34,36.65,1.64E+12
South Louis,7/21/16 22:51,19.83,4.30E+12
Eriktown,11/5/16 19:50,28.69,4.17E+11
New Andreamouth,11/9/16 2:57,21.42,3.16E+12
Stewartview,10/17/16 18:43,15.78,6.85E+12
Fosterside,10/6/16 13:12,8.62,2.00E+12
Port Martinberg,2/27/16 12:10,42.47,2.77E+12
Spencertown,1/28/16 1:07,30.2,4.59E+12
New David,11/24/16 4:19,24.33,8.98E+12
Travisville,1/16/16 9:31,19.91,8.45E+12
Vickimouth,9/20/16 17:47,20.04,4.26E+12
Spencertown,5/17/16 16:18,34.05,4.42E+12
Antoniomouth,10/5/16 21:29,25.79,3.56E+12
Lisaville,10/30/16 8:23,23.88,9.00E+12
Arnoldview,9/6/16 18:04,5.44,8.15E+12
Carrollfort,4/29/16 16:44,8.07,5.81E+12
Lisatown,11/19/16 4:50,15.48,6.95E+12
Prattfurt,7/10/16 7:51,35.29,7.33E+12
New Christine,2/26/16 13:36,26.36,4.11E+12
West Oscar,5/14/16 9:03,38.81,4.64E+12
West Alexis,6/20/16 15:53,40.08,7.32E+12
West Dawnfurt,7/30/16 12:11,16.78,6.19E+12
Davidtown,7/20/16 8:29,22,2.55E+12
Spencertown,3/26/16 7:05,24.14,8.66E+11
New David,4/20/16 9:22,44.7,1.62E+12
Nguyenbury,9/15/16 22:17,43.94,1.50E+12
Port Josephfurt,7/13/16 11:39,8.91,5.32E+12
Smithhaven,11/14/16 17:02,14.8,7.74E+12
New Jeffrey,8/25/16 16:19,27.4,4.75E+12
New Christine,10/19/16 21:37,9.45,4.52E+12
Williamshire,7/24/16 14:35,9.97,8.97E+12
Port Johnstad,7/7/16 6:38,39.79,5.16E+12
New David,11/1/16 12:39,44.2,4.39E+12
Davistown,2/20/16 4:23,30.68,9.05E+11
New Christine,9/13/16 18:22,13.71,8.77E+11
Pearsonberg,2/6/16 2:18,42.48,6.94E+12
Port Samantha,10/4/16 1:21,28.25,1.36E+12
Carrollfort,7/23/16 15:02,26.49,1.00E+13
Lake Jeffreyland,3/24/16 2:55,40.58,8.76E+12
Port Johnstad,4/18/16 6:40,8.62,5.06E+12
Nguyenbury,3/31/16 12:51,5.77,4.99E+12
South Bryanstad,8/12/16 23:50,28.95,9.52E+12
Sandymouth,1/8/16 11:47,4.2,2.48E+12
West Sydneyhaven,3/11/16 0:48,13.68,2.22E+12
Sandymouth,2/11/16 9:48,17.1,4.22E+12
Davidtown,1/1/16 23:43,8.2,7.77E+12
Russellport,2/18/16 0:58,14.44,1.15E+12
Alyssaberg,2/19/16 5:20,8.59,4.03E+11
West Peter,3/23/16 16:44,38.45,2.05E+12
Alvarezhaven,5/20/16 12:26,42,7.85E+12
Alvarezhaven,8/3/16 6:45,4.07,6.10E+12
New Maryport,1/10/16 20:29,34.15,4.30E+12
South Josephville,11/18/16 2:59,20.01,6.11E+12
Arnoldview,10/5/16 3:25,10.48,6.33E+12
South Louis,2/10/16 22:53,30.6,8.98E+12
Carrollfort,10/19/16 2:21,24.94,2.43E+12
West Jefferyfurt,2/20/16 5:32,17.24,90536052956
West Sydneyhaven,8/19/16 9:57,6.44,6.61E+12
Fosterside,9/19/16 12:47,5.53,9.83E+12
Lake Sarashire,3/22/16 2:36,35.62,6.11E+12
Port Johnstad,7/20/16 15:46,15.14,1.89E+12
South Josephville,2/1/16 0:44,4.69,3.35E+12
Port Samantha,1/6/16 15:04,25.39,5.16E+12
Lake Stevenbury,8/30/16 19:55,27.35,7.54E+12
Smithhaven,4/28/16 14:21,17.41,3.07E+12
Lisatown,8/28/16 21:01,26.42,4.78E+12
Travisville,2/14/16 22:53,27.89,2.87E+11
Williamshire,4/20/16 17:13,39.42,6.62E+12
Sandymouth,3/8/16 21:39,13.4,1.50E+12
West Brandy,10/26/16 3:25,12.71,5.09E+12
Lake Stevenbury,8/21/16 14:09,12.49,6.48E+12
Port Johnstad,4/15/16 18:08,26.23,6.08E+12
West Peter,9/14/16 15:30,38.49,7.45E+12
Port Johnstad,10/19/16 13:57,39.44,8.06E+12
New Aaron,6/4/16 2:23,20.53,2.32E+12
New David,5/3/16 16:38,32.12,1.41E+11
Aprilchester,10/14/16 13:03,17.94,6.50E+12
Port Josephfurt,10/31/16 4:48,41.94,3.15E+12
Nguyenbury,9/29/16 23:40,35.73,1.54E+12
Arnoldview,8/4/16 11:44,29.49,9.82E+12
Pearsonberg,3/29/16 12:59,36.4,9.39E+12
New Maryport,7/13/16 10:19,11.96,5.60E+12
New Maryport,8/27/16 12:46,32.67,8.37E+11
Stewartview,6/10/16 14:50,31.47,5.40E+12
Alyssaberg,8/27/16 6:36,11.38,2.20E+12
Torresshire,12/4/16 15:39,38.02,6.25E+12
South Josephville,5/19/16 0:58,27.96,8.16E+11
Lake Jennaton,1/18/16 8:02,15.86,2.26E+12
Lisaville,1/4/16 1:40,42.14,2.67E+12
Russellport,4/4/16 16:17,36.62,9.55E+12
Arnoldview,4/2/16 23:42,39.53,1.05E+12
Kimberlychester,7/4/16 11:41,14.85,9.83E+12
Aprilchester,3/19/16 4:20,25.69,4.17E+12
Rodriguezburgh,5/15/16 8:56,22.06,7.85E+11
Eriktown,12/4/16 7:48,5.43,8.53E+12
Antoniomouth,3/13/16 19:52,41.44,8.15E+12
Port Johnstad,9/7/16 11:05,39.43,3.60E+12
Davistown,3/13/16 10:22,39.05,5.99E+12
Port Johnstad,1/26/16 18:19,39.14,6.20E+12
New Andreamouth,5/24/16 1:44,17.03,3.48E+12
New Andreamouth,3/8/16 11:59,5.09,9.66E+12
New Christine,9/23/16 11:29,22.01,7.56E+12
Port Samantha,9/8/16 12:46,40.1,3.94E+12
Davidtown,2/20/16 16:27,12.64,7.15E+12
West Peter,1/15/16 9:18,29.65,7.69E+12
Mooreview,10/6/16 11:54,24.94,7.43E+12
Torresshire,10/21/16 8:28,15.16,5.43E+12
Smithhaven,1/17/16 23:39,27.17,2.99E+12
West Peter,4/20/16 0:52,35.17,1.46E+12
Sandymouth,10/21/16 16:57,4.76,6.96E+12
East Erin,9/5/16 0:50,44.96,5.17E+12
West Peter,9/6/16 18:01,15.63,5.82E+12
East Erin,8/10/16 6:20,31.07,6.62E+12
Russellport,6/12/16 15:10,23.01,4.25E+11
East Douglas,1/14/16 15:35,32.56,4.98E+12
Carrollfort,7/28/16 16:00,30.69,7.83E+12
Fosterside,1/10/16 23:19,41.96,9.98E+12
Sandymouth,10/22/16 11:31,36.53,9.23E+12
West Alexis,9/18/16 0:18,11.21,9.93E+12
Maryside,8/13/16 19:11,31.47,3.76E+12
Travisville,3/12/16 19:18,44.07,7.65E+12
Vickimouth,3/1/16 0:15,12.07,5.51E+12
Arnoldview,2/25/16 3:28,6.45,4.44E+12
Lake Sarashire,6/16/16 5:24,11.26,5.12E+12
Mooreview,4/5/16 5:22,40.99,8.60E+12
East Erin,8/27/16 20:23,24.66,8.70E+12
Williamshire,6/29/16 21:55,44.73,3.51E+12
Stewartview,4/6/16 18:53,15.19,7.70E+12
Lisaville,6/21/16 3:07,29.94,4.00E+11
Lake Jennaton,8/1/16 21:47,30.09,5.95E+12
West Brandy,12/5/16 0:26,24.12,6.71E+12
Swansonbury,6/13/16 3:24,15.51,9.02E+12
Lisaville,2/10/16 20:42,44.12,9.85E+11
Carrollfort,5/16/16 18:01,21.78,8.72E+12
Aprilchester,4/4/16 13:08,24.26,1.49E+12
West Brittanyton,7/20/16 6:59,22.94,9.24E+12
Kimberlychester,8/23/16 18:33,9.68,2.74E+12
Kimberlychester,7/7/16 10:01,22.16,7.35E+11
Port Josephfurt,10/20/16 4:17,29.27,6.97E+12
Lisaville,5/1/16 17:04,44.29,6.53E+12
Aprilchester,5/31/16 14:41,39.53,2.40E+12
Kimberlychester,11/21/16 23:00,34.27,7.74E+12
New Andreamouth,11/9/16 19:19,37.22,3.99E+12
Port Samantha,9/18/16 2:37,15.66,6.66E+12
Swansonbury,10/4/16 11:52,6.24,8.54E+12
Vickimouth,3/3/16 9:41,37.87,1.43E+12
Port Samantha,2/9/16 17:41,15.6,6.81E+12
Kelseyland,4/20/16 5:36,31.67,2.87E+12
Kelseyland,5/2/16 5:55,40.92,2.77E+12
New Maryport,5/8/16 12:25,39.88,8.89E+12
Travisville,1/20/16 21:31,4.95,5.91E+12
New Aaron,6/1/16 22:33,44.99,3.74E+12
Vickimouth,2/27/16 8:42,8.89,9.42E+12
Carrollfort,7/9/16 22:55,24.16,2.36E+12
South Josephville,6/11/16 9:24,33.72,3.61E+12
Wiseborough,5/24/16 0:45,4.74,8.94E+12
South Bryanstad,8/17/16 22:38,21.34,5.94E+12
Swansonbury,4/9/16 22:57,36.73,7.13E+12
Alvarezhaven,1/25/16 6:02,5.16,2.23E+12
Jacobfort,2/29/16 18:17,24.45,3.01E+12
New David,11/3/16 14:58,38.62,2.08E+12
Nguyenbury,1/30/16 13:17,33.43,6.26E+12
Port Martinberg,11/11/16 21:16,22.38,1.13E+12
Arnoldview,7/31/16 18:16,10.74,5.70E+12
New Andreamouth,3/12/16 15:09,18.33,1.65E+12
New Jeffrey,4/14/16 1:43,31.47,9.18E+11
Edwardsbury,4/12/16 5:27,10.65,7.43E+12
East Douglas,3/1/16 17:52,20.27,1.10E+12
Lake Jennaton,11/10/16 2:12,41.72,9.53E+12
Lake Sarashire,6/30/16 10:48,35.35,5.10E+12
Port Martinberg,2/27/16 0:10,16.84,3.52E+12
Spencertown,8/25/16 14:12,11.93,7.47E+12
Port Josephfurt,6/26/16 8:24,43.65,9.41E+12
New Aaron,3/23/16 18:54,10.61,5.08E+12
Pearsonberg,2/22/16 20:28,20.27,3.35E+12
Antoniomouth,2/11/16 19:28,35.05,8.73E+12
East Erin,2/4/16 9:29,15.57,75841830079
Port Samantha,8/28/16 20:20,42.34,2.70E+12
Port Johnstad,7/9/16 19:59,30.87,2.64E+12
New Jeffrey,1/25/16 8:30,34.01,6.56E+12
East Erin,9/23/16 10:01,39.33,6.27E+12
Vickimouth,1/21/16 6:11,14.22,5.80E+12
Lake Stevenbury,3/16/16 18:42,34.09,1.21E+12
Nguyenbury,8/30/16 4:06,7.03,6.22E+12
West Oscar,6/5/16 21:53,39.53,2.31E+12
Lake Sarashire,3/20/16 6:40,15.2,9.87E+12
South Bryanstad,9/11/16 12:04,18.43,4.39E+12
Travisville,8/4/16 20:22,26.48,1.14E+12
Vickimouth,5/15/16 19:26,11.88,5.27E+12
West Brandy,4/24/16 13:40,22.57,2.51E+12
Rodriguezburgh,12/2/16 8:18,37.91,3.15E+12
Alyssaberg,5/27/16 16:42,4.94,3.71E+12
Smithhaven,10/13/16 22:03,19.87,6.06E+11
West Oscar,11/9/16 5:46,8.66,8.95E+12
Smithhaven,5/3/16 9:43,10.56,6.74E+12
Sarabury,9/30/16 20:41,44.32,2.10E+12
New David,5/21/16 0:01,17.06,9.68E+12
Travisville,5/9/16 18:15,36.37,1.01E+12
Lake Jeffreyland,11/7/16 1:56,39.58,2.73E+12
Lake Jeffreyland,5/28/16 7:17,37.9,1.64E+12
New Andreamouth,10/15/16 7:28,30.43,9.15E+12
Sarabury,7/30/16 10:37,25.99,5.23E+12
West Sydneyhaven,8/4/16 17:20,21.99,9.52E+12
South Roy,8/8/16 8:26,44.34,4.18E+11
Jacobfort,11/14/16 14:42,12.04,8.92E+11
Fosterside,5/20/16 0:15,42.67,6.76E+12
Antoniomouth,1/8/16 2:19,43.26,6.27E+12
Port Martinberg,8/3/16 20:00,31.93,1.14E+12
West Oscar,1/2/16 7:50,36.06,2.48E+12
Rodriguezburgh,6/3/16 15:45,36.07,3.48E+12
West Dawnfurt,4/20/16 21:22,6.17,3.53E+12
Pearsonberg,3/5/16 12:54,24.33,83452309358
West Oscar,1/27/16 21:43,27.91,8.22E+12
Pearsonberg,9/13/16 6:32,11.35,9.43E+12
Jacobfort,11/7/16 0:55,34.54,5.28E+12
Fosterside,6/1/16 2:10,20.18,3.72E+12
Lake Sarashire,4/17/16 4:08,39.55,4.78E+12
Rodriguezburgh,2/15/16 6:46,20.76,7.11E+12
Antoniomouth,6/27/16 11:53,19.91,5.74E+12
Yolandafurt,8/27/16 23:18,34.95,9.03E+12
Russellport,6/3/16 21:49,23.05,3.86E+12
Maryside,3/16/16 8:29,35.47,5.35E+12
New David,3/11/16 17:19,37.52,4.21E+12
West Brittanyton,7/24/16 11:09,36.31,2.18E+12
Pamelahaven,7/23/16 0:02,40.09,9.08E+12
South Roy,10/1/16 22:21,43.07,2.19E+12
West Alexis,7/5/16 16:43,10.04,5.29E+12
West Sydneyhaven,5/23/16 11:24,41.55,4.12E+12
Stewartview,8/31/16 11:18,20.02,2.05E+12
New Maryport,7/19/16 5:21,33.31,2.81E+12
Jacobfort,10/27/16 17:53,14.99,9.62E+12
Carrollfort,1/13/16 13:03,29.2,4.81E+12
New Aaron,2/7/16 3:24,19.09,8.83E+12
Lake Jennaton,6/25/16 16:32,10.95,7.33E+12
Fosterside,12/3/16 5:03,33.45,9.76E+11
Edwardsbury,8/6/16 6:20,36.3,5.99E+12
Pamelahaven,2/1/16 19:44,7.5,9.99E+12
West Oscar,6/13/16 12:57,29.91,3.60E+12
Lake Jeffreyland,3/3/16 1:10,44.68,7.88E+11
Wiseborough,7/8/16 0:43,30.94,8.68E+12
Mooreview,7/30/16 17:39,37.14,8.24E+12
Maryside,4/21/16 3:14,29.25,6.70E+12
Lake Sarashire,6/6/16 4:51,33.25,6.30E+12
Port Johnstad,5/4/16 10:44,33.64,6.64E+11
New David,1/23/16 9:17,27.55,4.03E+11
West Jefferyfurt,9/7/16 6:09,34.4,9.48E+12
South Roy,8/3/16 21:28,5.19,9.82E+12
Arnoldview,1/30/16 11:19,22.23,5.84E+12
Davistown,4/26/16 21:16,38.1,1.94E+12
South Roy,7/10/16 4:09,17.23,1.51E+12
Edwardsbury,2/9/16 18:25,43.5,6.80E+12
Stewartview,2/8/16 17:08,43.91,3.94E+12
Mooreview,7/26/16 23:48,29.37,2.59E+12
Port Samantha,11/30/16 20:45,6.26,6.33E+12
West Dawnfurt,6/15/16 21:42,26.75,6.46E+12
Nguyenbury,2/11/16 0:31,37.16,6.70E+12
Eriktown,3/22/16 22:54,35.16,5.34E+12
New Aaron,7/16/16 19:43,28.88,4.87E+12
Antoniomouth,7/31/16 19:23,10.44,7.50E+12
West Sydneyhaven,6/25/16 20:10,15.65,6.84E+12
Nguyenbury,11/29/16 13:10,5.75,3.04E+12
Lake Jeffreyland,3/1/16 18:09,42.07,8.66E+12
Maryside,4/27/16 9:54,40.67,5.58E+12
Alvarezhaven,11/19/16 2:00,5.34,1.11E+12
Aprilchester,10/24/16 20:16,32.42,5.57E+12
Maryside,9/3/16 9:45,36.94,8.26E+12
West Peter,9/10/16 6:14,17.77,4.12E+12
Spencertown,7/19/16 19:03,7.39,2.43E+12
West Peter,9/22/16 3:26,9.13,4.23E+12
Port Samantha,5/30/16 3:00,18.63,9.82E+12
Lake Jennaton,10/17/16 16:52,10.67,1.34E+12
Antoniomouth,1/23/16 9:02,39.87,4.75E+12
Travisville,5/11/16 13:05,42.99,4.78E+12
West Oscar,1/11/16 11:58,31.81,2.19E+12
West Dawnfurt,8/5/16 23:20,18.57,2.43E+11
Swansonbury,11/9/16 1:30,43.61,5.24E+12
Lisatown,5/18/16 3:24,43,5.75E+12
Swansonbury,6/24/16 8:15,43.95,4.57E+12
Fosterside,8/6/16 4:15,22.67,4.05E+11
West Brandy,10/18/16 9:21,36.16,1.53E+12
Sandymouth,7/28/16 18:03,4.26,2.98E+11
Lake Stevenbury,9/9/16 19:17,43.07,3.02E+12
New Andreamouth,10/28/16 22:00,39.74,4.70E+12
Kimberlychester,10/10/16 22:34,8.74,2.67E+12
Zimmermanmouth,9/16/16 3:59,34.65,3.81E+12
Lake Sarashire,5/10/16 4:34,43.85,8.24E+12
East Douglas,3/4/16 15:34,43.62,8.27E+12
Lisaville,7/16/16 10:17,43,9.85E+11
Lake Jeffreyland,5/15/16 8:54,4.15,5.57E+12
Lake Stevenbury,7/12/16 16:11,15.23,1.56E+12
West Alexis,6/15/16 14:21,5.65,1.99E+12
New Christine,2/26/16 18:57,11.55,7.85E+12
Zimmermanmouth,8/19/16 14:31,14.36,7.89E+12
Rodriguezburgh,4/23/16 3:18,19.7,4.11E+11
Kimberlychester,7/8/16 21:18,39.59,4.14E+12
Smithhaven,1/9/16 4:34,41.46,2.31E+12
Wiseborough,1/21/16 15:43,18.28,9.68E+12
Smithhaven,11/2/16 23:37,4.57,7.03E+12
South Louis,10/6/16 3:17,39.52,5.39E+11
Russellport,3/28/16 3:39,4.84,3.61E+12
Fosterside,11/22/16 10:37,37.92,4.37E+12
Port Johnstad,10/19/16 6:35,28.5,3.44E+12
New Maryport,6/27/16 15:45,38.12,3.79E+12
Pearsonberg,1/2/16 9:50,13.8,3.29E+12
Kelseyland,6/22/16 6:54,12.58,6.63E+12
Torresshire,3/10/16 3:35,7.86,9.24E+12
Kelseyland,6/18/16 6:03,16.77,7.22E+12
West Alexis,11/10/16 8:10,12.79,6.64E+12
Carrollfort,7/20/16 14:53,21.72,9.95E+12
Torresshire,10/21/16 1:10,5.32,7.49E+12
Lake Stevenbury,4/19/16 8:14,44.76,9.51E+12
South Roy,2/8/16 4:56,31.52,3.28E+12
Alvarezhaven,2/15/16 11:14,31.74,5.49E+12
Russellport,11/21/16 20:26,11.71,7.11E+12
Sandymouth,11/10/16 10:12,29.77,5.10E+12
New Andreamouth,1/18/16 7:04,26.08,6.98E+12
Eriktown,11/10/16 8:31,39.15,4.72E+12
New Andreamouth,1/15/16 8:09,12.29,9.02E+12
Alvarezhaven,6/16/16 18:29,32.46,8.59E+11
West Jefferyfurt,6/25/16 17:40,35.93,5.69E+12
Williamshire,3/16/16 16:02,12.08,2.87E+12
Rodriguezburgh,2/19/16 4:34,34.56,7.70E+12
New Maryport,11/12/16 10:00,10.45,7.47E+12
Yolandafurt,6/4/16 8:50,35.75,1.27E+12
New Christine,9/30/16 5:09,36.04,6.89E+12
Lake Jennaton,5/23/16 2:41,42.97,9.56E+11
Alvarezhaven,3/16/16 2:01,33.62,8.97E+12
Lisaville,2/9/16 23:03,30.89,7.04E+12
Port Samantha,10/1/16 1:52,43.22,2.23E+12
Lisatown,11/9/16 19:01,7.58,7.01E+12
Jacobfort,8/7/16 4:38,35.09,8.65E+12
West Brittanyton,11/26/16 12:42,22.88,1.85E+12
Port Samantha,7/17/16 10:15,14.91,4.53E+12
Port Josephfurt,9/25/16 16:36,28.32,6.59E+12
Port Martinberg,6/8/16 13:10,23.96,2.58E+12
New Aaron,8/31/16 13:53,43.38,9.95E+11
Lake Jeffreyland,6/4/16 19:38,34.28,2.20E+12
Lake Jennaton,10/7/16 19:44,40.49,4.66E+12
West Jefferyfurt,6/7/16 0:49,22.81,3.24E+12
Port Johnstad,3/13/16 13:43,30.04,8.95E+12
Alyssaberg,9/5/16 4:28,24.74,1.70E+12
New Andreamouth,10/16/16 12:36,38.23,9.55E+12
Russellport,6/28/16 12:09,6.52,7.64E+12
Edwardsbury,1/8/16 6:41,28.75,6.53E+11
Lake Jeffreyland,2/7/16 7:26,37.86,2.33E+12
East Erin,9/8/16 17:48,23.31,6.04E+12
Edwardsbury,5/9/16 15:54,37.34,3.98E+11
Russellport,11/17/16 17:55,21.92,5.64E+12
Travisville,4/15/16 12:13,15.03,8.14E+12
West Brandy,1/4/16 23:48,7.01,8.68E+12
South Roy,4/1/16 8:18,42.56,4.91E+12
Sarabury,4/1/16 7:15,6.94,1.93E+12
Yolandafurt,7/3/16 3:20,21.53,1.20E+12
Williamshire,7/19/16 14:23,26.14,3.82E+12
South Josephville,1/15/16 16:18,25.83,1.64E+12
Port Josephfurt,2/29/16 14:49,42.45,3.38E+11
Torresshire,10/20/16 19:17,16.64,6.26E+12
Williamshire,3/5/16 3:54,22.03,7.58E+12
New Andreamouth,10/26/16 13:34,34.01,2.64E+12
Swansonbury,11/16/16 23:44,32.51,6.04E+12
Kellershire,3/9/16 1:06,9,9.20E+12
West Dawnfurt,6/1/16 8:15,30.05,9.31E+12
New Jeffrey,11/6/16 23:32,18.1,8.78E+12
Kelseyland,1/9/16 20:28,27.21,8.31E+11
Mooreview,5/11/16 0:21,22.7,3.26E+12
Davistown,10/10/16 6:48,33.06,9.12E+12
Lake Jeffreyland,10/9/16 15:12,4.16,9.93E+12
Pearsonberg,1/2/16 10:59,17.43,7.69E+12
Port Johnstad,6/22/16 7:30,35.35,1.75E+12
Arnoldview,6/8/16 14:23,33.23,2.56E+12
Port Josephfurt,2/14/16 23:20,32.7,3.58E+12
Port Josephfurt,9/25/16 4:47,18.85,4.54E+11
Lisaville,12/5/16 1:52,44.61,2.44E+12
West Oscar,10/8/16 16:18,25.35,4.01E+12
Prattfurt,10/11/16 16:29,37.78,7.68E+12
Swansonbury,3/24/16 17:14,7.17,2.32E+12
West Sydneyhaven,4/7/16 10:14,8.88,3.26E+12
Lake Stevenbury,10/3/16 0:41,14.32,7.74E+12
Aprilchester,6/29/16 11:22,9.1,6.47E+12
Lisatown,7/8/16 20:53,7.63,1.36E+12
Maryside,10/1/16 5:58,11.2,7.64E+11
Pamelahaven,5/8/16 11:55,21.15,3.91E+12
East Douglas,5/21/16 9:59,11.48,5.78E+11
Fosterside,7/9/16 18:28,37.65,4.26E+12
Sarabury,11/23/16 3:08,37.17,9.14E+12
Rodriguezburgh,8/21/16 23:47,13.49,4.67E+12
West Brittanyton,9/17/16 8:14,29.53,6.64E+12
Travisville,9/25/16 3:51,39.45,2.45E+12
Russellport,11/12/16 12:46,29.56,1.85E+12
West Peter,7/13/16 17:29,20.53,5.58E+12
Williamshire,1/26/16 16:52,41.72,8.89E+12
New Aaron,5/26/16 6:44,39.93,5.07E+11
Stewartview,3/30/16 10:06,15.35,3.01E+12
South Roy,1/25/16 0:02,42.09,6.94E+12
Alyssaberg,1/8/16 18:50,17.03,1.84E+12
West Brandy,6/30/16 22:47,25.68,4.22E+12
Lisatown,5/24/16 9:23,23.83,4.38E+11
Kellershire,6/15/16 1:32,43.76,5.65E+12
Zimmermanmouth,11/12/16 22:15,5.27,8.86E+11
South Louis,5/5/16 13:22,25.15,6.98E+12
East Erin,9/27/16 12:31,12.01,9.28E+12
West Brandy,1/24/16 3:55,32.4,1.57E+11
New Jeffrey,11/7/16 7:30,43.51,2.71E+12
West Brittanyton,10/21/16 1:04,32.43,9.03E+12
Lake Sarashire,5/3/16 17:43,32.53,1.73E+12
West Oscar,5/2/16 15:06,7.42,1.34E+12
South Louis,1/26/16 11:21,23.67,1.89E+12
West Dawnfurt,3/22/16 0:46,16.97,9.16E+12
Torresshire,10/5/16 13:00,9.6,8.44E+12
New David,2/17/16 21:34,6.49,1.28E+11
Lisaville,1/2/16 9:04,31.16,2.39E+12
Russellport,10/5/16 14:04,17.69,5.17E+12
Lisatown,1/10/16 4:34,17.05,3.62E+12
Port Martinberg,7/2/16 14:51,25.02,2.74E+12
Rodriguezburgh,11/23/16 11:12,20.32,7.88E+12
South Josephville,4/4/16 16:33,25.69,1.13E+12
Yolandafurt,9/27/16 15:31,21.79,6.13E+11
Zimmermanmouth,8/21/16 5:53,40.95,5.67E+12
Lake Jennaton,5/5/16 8:14,15.81,3.51E+12
New Christine,3/1/16 12:45,38.17,1.34E+12
Prattfurt,1/11/16 21:18,12.9,5.53E+12
Pamelahaven,3/10/16 14:48,34.67,9.14E+12
Pearsonberg,5/25/16 21:08,39.59,6.72E+12
Kelseyland,7/22/16 19:28,35.71,1.23E+12
South Bryanstad,9/11/16 5:26,34.58,9.54E+12
West Oscar,10/26/16 13:38,9.57,5.59E+11
Rodriguezburgh,6/30/16 14:48,35.86,3.61E+12
New Andreamouth,2/22/16 18:51,11.92,5.79E+12
Pamelahaven,10/13/16 15:13,21.09,2.36E+12
New Jeffrey,4/17/16 1:14,6.14,8.59E+12
Zimmermanmouth,10/21/16 4:10,24.69,9.51E+12
Kelseyland,11/26/16 2:34,15.49,5.19E+12
Stewartview,4/10/16 1:26,11.93,8.89E+12
West Brittanyton,1/9/16 13:57,30.28,3.23E+12
West Brittanyton,6/5/16 0:50,39.15,5.59E+11
Mooreview,7/11/16 18:46,19.51,2.84E+12
Smithhaven,9/3/16 11:34,13.05,2.35E+12
Fosterside,9/3/16 1:10,13.37,8.86E+12
Pearsonberg,2/16/16 17:47,8.7,5.92E+12
South Roy,5/13/16 4:28,14.85,7.76E+12
Port Johnstad,7/14/16 8:16,5.97,1.91E+12
Yolandafurt,9/16/16 14:36,20.44,3.65E+12
Pearsonberg,10/17/16 23:01,29.6,8.06E+12
Sarabury,10/23/16 2:40,17.23,1.98E+12
Port Martinberg,4/5/16 18:06,5.32,2.34E+12
Port Johnstad,7/22/16 11:27,10.88,1.26E+12
Carrollfort,10/1/16 4:18,12.76,2.39E+12
Kimberlychester,11/12/16 3:56,21.25,1.90E+12
Yolandafurt,8/4/16 23:06,36.08,9.90E+12
Port Martinberg,4/3/16 12:48,37.88,4.96E+12
Rodriguezburgh,3/11/16 11:58,42.88,9.13E+12
South Louis,9/5/16 5:03,4.23,8.84E+12
Pamelahaven,4/23/16 9:33,37.55,7.63E+12
West Brittanyton,1/6/16 4:35,8.81,7.14E+12
West Sydneyhaven,2/24/16 6:48,42.96,52775545231
South Louis,6/25/16 8:50,20.24,6.06E+12
South Louis,5/16/16 9:42,18.15,8.39E+12
New Maryport,7/1/16 10:14,27.13,3.82E+11
Kellershire,7/27/16 23:00,43.87,4.04E+12
New Christine,7/16/16 4:10,22.62,2.71E+12
Davistown,4/11/16 20:10,17.32,8.39E+12
New Aaron,5/11/16 23:11,41.39,6.36E+12
Nguyenbury,1/23/16 11:39,39.29,2.34E+12
Eriktown,10/1/16 16:31,14.5,5.35E+12
Sandymouth,4/25/16 17:56,23.89,2.91E+12
Aprilchester,5/16/16 2:36,18.11,5.42E+12
Alvarezhaven,9/19/16 16:01,27.51,6.28E+12
Alvarezhaven,5/16/16 15:33,6.45,8.94E+12
Torresshire,9/23/16 14:32,41.2,4.02E+12
Kellershire,5/26/16 2:37,20.39,1.88E+12
Jacobfort,6/4/16 22:31,37.38,9.06E+11
Edwardsbury,7/19/16 20:04,13.27,3.57E+12
Antoniomouth,5/5/16 18:12,14.46,7.45E+12
Nguyenbury,1/27/16 7:00,22.38,7.43E+12
Lake Jeffreyland,4/13/16 21:40,22.48,3.58E+12
East Douglas,8/1/16 1:21,28.37,4.59E+12
Kimberlychester,11/24/16 8:36,12.55,5.58E+11
Williamshire,10/24/16 22:12,39.6,3.88E+12
Port Martinberg,3/29/16 2:03,16,2.86E+12
West Peter,8/25/16 12:03,41.98,8.60E+12
Kellershire,11/20/16 16:46,22.01,4.37E+12
Aprilchester,8/17/16 21:24,14.39,4.49E+12
East Erin,5/18/16 20:48,12.13,1.27E+12
Port Johnstad,11/1/16 20:52,41.09,9.07E+12
South Bryanstad,9/16/16 9:02,25.82,5.26E+12
Lake Jennaton,9/3/16 7:14,8.89,6.02E+12
New Aaron,6/27/16 11:28,37.02,5.36E+12
Lisatown,4/13/16 10:09,12.2,6.02E+12
South Louis,7/15/16 7:48,24.84,5.00E+12
Alvarezhaven,1/27/16 10:38,6.72,6.15E+12
West Jefferyfurt,7/23/16 13:10,24.4,6.11E+12
West Jefferyfurt,2/3/16 0:54,5.8,4.39E+12
Stewartview,10/10/16 6:20,13.9,4.01E+12
West Brittanyton,7/7/16 13:33,24.27,9.33E+12
Spencertown,11/22/16 10:05,4.79,2.73E+12
New Jeffrey,9/22/16 23:52,21.44,8.76E+12
New Aaron,9/30/16 9:45,35.26,4.77E+12
South Bryanstad,11/16/16 22:51,13.58,3.70E+12
Davidtown,4/12/16 21:45,30.19,9.02E+12
Prattfurt,8/5/16 20:08,32.12,4.51E+12
West Alexis,11/6/16 19:02,29.01,4.92E+12
Sarabury,4/6/16 21:02,7.14,6.10E+12
Antoniomouth,3/9/16 8:07,31.2,1.71E+12
West Brandy,3/23/16 7:35,38.48,1.51E+12
Fosterside,12/4/16 21:31,21.49,5.13E+12
South Louis,11/22/16 15:34,35.27,3.63E+12
Eriktown,9/6/16 7:01,41.11,8.99E+12
Alvarezhaven,7/4/16 4:28,33.31,3.06E+11
New David,5/25/16 7:40,24.32,7.74E+12
Kimberlychester,11/19/16 9:53,25.99,1.49E+11
Lisatown,8/7/16 23:07,15.09,6.10E+12
East Erin,4/30/16 11:04,9.34,6.04E+12
Port James,12/4/16 6:16,15.77,2.26E+12
New Samanthaside,6/5/16 14:36,39.38,3.65E+12
Port Alexandria,7/29/16 9:30,24.86,2.96E+12
Lake Brenda,8/26/16 3:07,20.97,5.23E+12
Campbellport,3/2/16 9:59,41.53,5.96E+12
Rodriguezview,1/28/16 6:54,28.01,2.55E+12
New Brandonborough,5/21/16 12:30,27.03,5.95E+12
Port Jose,6/16/16 0:12,49.23,5.24E+12
West Paulport,10/1/16 0:42,32.71,1.54E+12
West Tony,9/18/16 10:26,23.83,2.03E+12
North Tara,11/23/16 7:44,31.8,9.22E+11
West Tony,8/27/16 8:35,27.11,6.37E+12
Campbellport,3/30/16 5:26,47.2,3.82E+12
South Shannonborough,2/11/16 19:51,13.52,3.80E+12
North Tara,11/14/16 17:35,20.8,1.03E+12
Thomastown,6/16/16 18:15,21.39,1.99E+12
South Shannonborough,3/20/16 15:01,19.89,3.85E+12
South Gracechester,4/14/16 10:02,48.86,1.96E+12
Jeffreyton,11/10/16 22:40,19.64,7.11E+12
New Jessicamouth,1/9/16 9:30,18.95,2.90E+12
Clarkstad,7/15/16 16:34,44.96,5.86E+12
New Jessicamouth,11/3/16 10:35,38.79,7.41E+11
Johnland,6/10/16 14:01,15.35,6.01E+12
West Tony,1/28/16 21:44,39.15,1.04E+12
Rodriguezview,10/16/16 0:30,26.03,1.29E+12
New Samanthaside,7/12/16 21:06,36.77,5.15E+11
Kyleton,1/22/16 12:02,30.96,8.75E+12
Johnland,7/20/16 0:13,39.87,6.43E+12
Anitamouth,1/3/16 16:21,43.54,2.47E+12
Port Alexandria,11/14/16 9:13,13.62,5.29E+12
Port Michelleview,3/7/16 8:29,39.84,3.87E+12
Jeffreyton,8/29/16 19:38,40.59,8.07E+12
New Samanthaside,9/1/16 16:40,25.63,3.62E+12
New Lynn,4/26/16 13:23,25.08,7.94E+12
Paulfort,6/16/16 6:23,26.42,4.58E+11
Lake Brenda,3/23/16 2:36,17.03,5.83E+12
West Pamelaborough,6/5/16 11:12,15.28,1.22E+12
Port James,5/16/16 21:25,26.26,4.05E+12
Port James,1/4/16 22:46,20.25,3.99E+12
West Pamelaborough,11/11/16 17:09,35.66,8.87E+12
Kyleton,3/25/16 4:31,42.69,4.24E+12
Port James,1/27/16 19:25,21.86,2.43E+12
East Jenniferchester,1/30/16 9:35,22.29,8.50E+12
Carrollbury,5/9/16 3:12,25,4.86E+11
Webstertown,5/9/16 12:29,26.06,8.48E+11
Conwaymouth,10/14/16 3:11,46.57,7.73E+11
Conwaymouth,9/29/16 22:24,43.1,3.92E+11
New Samanthaside,8/17/16 19:09,28.05,3.55E+12
Jasonfort,11/6/16 9:45,29.92,7.78E+12
Port James,5/30/16 15:35,38.05,4.24E+11
New Brandonborough,4/26/16 19:15,27.95,7.27E+12
West Evan,8/9/16 2:20,39.26,2.35E+12
Webstertown,10/14/16 2:13,46.43,5.71E+12
New Jessicamouth,10/16/16 15:52,44.09,3.99E+12
Paulfort,1/7/16 5:55,43.87,1.01E+12
Jeffreyton,10/24/16 6:36,27.55,5.01E+12
New Samanthaside,5/19/16 15:25,49.72,7.38E+12
Sarahview,1/24/16 1:34,21.42,4.35E+12
South Jennifer,10/5/16 12:22,39.24,1.15E+12
Thomastown,11/12/16 23:53,34.85,8.53E+12
South Jennifer,11/7/16 5:30,18.97,2.87E+12
Floresberg,7/3/16 11:24,18.21,4.10E+12
New Jessicamouth,9/15/16 12:09,26.41,8.46E+12
Williamchester,8/28/16 17:40,30.72,8.20E+12
West Pamelaborough,2/27/16 18:49,44.51,3.20E+12
West Tony,4/30/16 22:02,19.88,6.06E+11
Williamchester,9/10/16 19:11,41.04,4.38E+12
Johnland,5/27/16 16:22,25.94,3.16E+12
Port Jose,4/22/16 8:46,19.74,9.51E+11
New Lynn,5/21/16 4:28,18.32,4.08E+11
Port Michelleview,9/13/16 10:15,15.77,2.91E+12
Martinmouth,10/1/16 16:59,15.78,7.25E+12
New Samanthaside,5/22/16 4:11,33.72,7.64E+12
Rodriguezview,5/21/16 2:13,44.16,4.22E+12
Johnland,9/20/16 10:51,31.94,4.80E+12
New Brandonborough,8/21/16 17:10,47.12,3.54E+11
Jeffreyton,7/15/16 12:47,33.16,9.37E+12
Webstertown,2/7/16 20:42,48.44,8.38E+12
Johnland,7/23/16 20:37,24.86,8.89E+12
Port James,6/5/16 2:06,14.67,9.58E+12
Sarahview,9/27/16 14:09,30.98,3.35E+12
Thomastown,8/28/16 5:02,12.33,2.77E+11
Kyleton,3/8/16 1:12,35.19,2.68E+12
South Jennifer,6/29/16 13:25,12.45,2.43E+12
Lake Brenda,4/10/16 6:47,46.13,7.67E+12
North Tara,9/18/16 4:02,14.46,4.93E+12
Jeffreyton,7/5/16 19:18,28.63,4.57E+11
New Samanthaside,9/4/16 1:09,46.22,7.97E+12
Lake Brenda,4/4/16 10:48,15,1.89E+12
Port Jose,8/31/16 16:10,43.44,3.07E+11
Clarkstad,6/20/16 22:14,15.69,8.07E+12
Port Guytown,5/23/16 23:19,23.37,2.90E+12
West Evan,4/5/16 16:12,12.92,2.98E+12
Thomastown,4/24/16 11:36,13.48,6.40E+12
Port Guytown,8/17/16 5:04,24.07,4.32E+12
East Jenniferchester,4/22/16 0:41,37.62,6.20E+12
Port Michelleview,6/10/16 15:07,22.27,3.65E+12
New Cindyborough,9/25/16 16:34,35.8,3.88E+12
South Shannonborough,11/25/16 17:40,25.58,7.06E+12
Thomastown,9/26/16 6:29,18.97,85030914220
East Jenniferchester,6/13/16 19:28,15.6,5.58E+12
Port Alexandria,8/16/16 17:42,47.71,3.64E+12
Johnland,3/13/16 20:41,31.01,7.27E+12
Port Guytown,11/1/16 15:12,24.69,5.73E+12
South Gracechester,10/9/16 20:53,38.01,9.53E+12
New Cindyborough,8/18/16 13:22,25.48,7.85E+12
Sarahview,8/15/16 8:03,48.07,7.86E+12
New Cindyborough,4/16/16 8:49,31.24,7.27E+11
South Shannonborough,7/17/16 18:36,14.33,6.59E+12
Anitamouth,6/1/16 22:47,27.44,1.55E+12
East Jenniferchester,7/14/16 15:33,34.73,4.81E+12
New Lynn,8/19/16 22:01,34.17,6.16E+12
South Jennifer,6/6/16 19:55,17.89,8.54E+12
West Paulport,7/14/16 14:16,42.78,3.13E+12
New Lynn,11/27/16 22:50,29.71,4.21E+12
Kyleton,11/8/16 20:18,22.28,2.49E+11
Port Jose,6/6/16 6:13,27.74,5.02E+12
Port Guytown,9/19/16 12:07,46.84,2.93E+12
Port Michelleview,6/15/16 2:16,26.18,4.45E+12
Campbellport,11/17/16 7:00,24.17,9.08E+12
Paulfort,5/22/16 13:33,39.37,5.35E+12
West Evan,7/25/16 18:46,40.65,6.29E+12
South Jennifer,7/25/16 8:16,45.26,3.56E+12
Port Guytown,4/19/16 23:46,24.2,7.88E+12
New Michelleberg,11/17/16 19:04,27.33,4.79E+12
Rodriguezview,11/26/16 16:39,25.1,7.21E+12
East Jenniferchester,11/21/16 17:26,39.17,9.39E+12
Williamchester,5/6/16 2:59,31.91,5.36E+12
Rodriguezview,8/25/16 9:46,36.38,2.50E+12
Thomastown,2/3/16 6:17,41.24,4.02E+12
New Lynn,8/30/16 13:21,25.79,5.19E+12
Kyleton,9/23/16 20:14,33.83,1.46E+12
South Shannonborough,11/25/16 4:23,44.67,2.35E+11
Port James,1/5/16 5:44,26.3,4.03E+12
Port Jose,3/23/16 8:35,35.35,4.84E+12
West Evan,1/10/16 9:49,40.85,8.26E+12
Campbellport,6/15/16 20:20,46.98,6.39E+12
Kyleton,11/20/16 8:43,24.84,6.71E+11
Port Alexandria,1/9/16 6:20,17.09,6.41E+12
Webstertown,5/8/16 9:30,12.17,9.40E+12
Clarkstad,8/14/16 21:01,34.01,4.18E+12
Jeffreyton,6/30/16 13:38,29,9.61E+12
South Jennifer,11/23/16 17:09,25.01,6.99E+12
Kyleton,6/29/16 22:54,40.12,2.12E+12
Paulfort,7/24/16 14:55,29.91,1.50E+11
North Tara,8/10/16 1:31,26.76,1.97E+12
Jasonfort,4/13/16 11:32,38.57,9.21E+12
Johnland,11/21/16 0:48,42.16,4.68E+12
Clarkstad,6/23/16 10:01,18.12,8.62E+12
West Pamelaborough,2/6/16 20:38,45,7.12E+12
Rodriguezview,1/30/16 5:13,16.08,5.90E+12
North Tracyfort,5/7/16 11:43,19.69,4.57E+12
Port James,4/24/16 17:14,22.79,4.85E+12
Floresberg,2/27/16 21:59,46.02,6.69E+11
Jeffreyton,7/16/16 13:08,49.34,9.08E+12
West Paulport,2/16/16 2:32,15.82,4.21E+12
Port Guytown,3/7/16 10:07,26.48,9.57E+12
Rodriguezview,1/15/16 23:03,34.6,7.24E+12
West Tony,5/25/16 6:30,16.12,7.61E+12
Port Guytown,7/9/16 13:57,39.84,9.14E+12
Kyleton,1/10/16 22:38,29.23,5.19E+12
North Tracyfort,9/21/16 1:28,40.54,2.58E+12
Port Jose,1/8/16 17:03,44.39,7.72E+12
West Tony,1/24/16 2:58,24.34,8.76E+12
Jeffreyton,3/21/16 10:00,42.94,6.08E+12
Johnland,10/29/16 11:10,48.46,9.11E+12
Conwaymouth,4/14/16 11:33,15.59,3.96E+12
West Paulport,11/11/16 12:05,32.18,4.53E+12
Martinmouth,9/13/16 5:50,39.92,1.56E+11
Port Jose,11/12/16 21:20,22.23,5.19E+12
Tiffanyton,3/18/16 22:23,27.56,9.11E+12
Anitamouth,1/29/16 20:03,41.74,4.55E+12
New Michelleberg,6/21/16 15:52,31.77,2.82E+12
Thomastown,10/28/16 20:46,48.63,4.79E+12
Martinmouth,11/7/16 0:57,24.76,2.09E+12
New Cindyborough,5/29/16 2:25,48.76,8.95E+12
Floresberg,1/25/16 0:12,37.13,9.49E+11
East Jenniferchester,1/9/16 8:16,19.43,3.14E+12
West Pamelaborough,11/15/16 4:57,39.43,9.92E+12
Port Alexandria,5/11/16 17:15,38.47,7.19E+12
New Samanthaside,4/17/16 15:18,22.32,6.17E+11
West Tony,5/16/16 7:56,21.18,4.41E+12
Kyleton,7/30/16 17:11,35.13,2.76E+12
Port James,4/2/16 8:25,32.73,5.46E+12
Conwaymouth,2/2/16 5:02,33.01,5.97E+12
North Tracyfort,11/24/16 21:37,24.57,2.54E+12
West Paulport,6/16/16 9:17,25.54,2.29E+12
Jasonfort,10/15/16 3:31,21.43,5.37E+12
Sarahview,1/19/16 13:53,43.51,5.71E+12
Johnland,2/4/16 17:52,15.91,1.87E+12
Port Alexandria,10/13/16 3:59,33.28,1.05E+12
Port Alexandria,9/30/16 6:44,21.51,4.85E+12
Sarahview,8/29/16 20:57,19.14,9.52E+12
Floresberg,4/16/16 6:43,37.54,1.70E+12
Kyleton,4/18/16 23:04,45.73,4.80E+12
Lake Brenda,4/4/16 15:00,43.37,9.97E+12
New Brandonborough,4/18/16 15:33,36.79,4.71E+12
New Lynn,6/14/16 20:08,37.84,3.82E+12
West Pamelaborough,1/14/16 10:14,28.57,1.48E+12
Port Michelleview,6/15/16 9:49,15.86,5.82E+12
Jasonfort,9/19/16 16:12,47.02,8.68E+12
West Evan,10/12/16 3:10,14.71,9.92E+12
Webstertown,6/29/16 21:08,38.73,5.51E+12
New Brandonborough,3/6/16 19:39,45.81,7.88E+12
West Pamelaborough,3/16/16 1:34,15.15,1.72E+12
Conwaymouth,6/1/16 5:46,12.72,3.52E+12
Carrollbury,6/9/16 5:04,49.47,6.17E+11
West Evan,7/18/16 15:02,12.64,5.27E+12
New Brandonborough,9/3/16 15:42,29.58,5.25E+12
Johnland,4/26/16 2:04,44.69,5.85E+12
Port James,6/10/16 7:17,44.75,7.28E+11
Jasonfort,5/10/16 11:11,26.6,7.21E+12
West Tony,11/23/16 3:39,19.09,2.28E+12
Port James,2/7/16 12:25,40.07,7.70E+12
Lake Brenda,8/3/16 2:55,28.66,9.85E+12
Rodriguezview,4/13/16 15:37,42.79,3.46E+12
New Jessicamouth,6/26/16 9:05,26.17,1.46E+12
North Tara,6/6/16 1:12,42.16,4.29E+12
Paulfort,8/26/16 19:52,26.99,5.56E+12
Port James,1/11/16 23:27,39.66,7.94E+12
New Brandonborough,9/24/16 5:27,46.86,7.32E+12
West Pamelaborough,1/27/16 0:09,49.48,4.49E+12
New Jessicamouth,10/1/16 17:03,19.72,2.11E+12
Floresberg,6/13/16 3:18,35.33,1.13E+12
Lake Brenda,7/14/16 19:37,33.61,6.64E+12
Sarahview,1/1/16 6:02,32.92,1.49E+12
Jasonfort,10/4/16 12:19,12.46,5.65E+12
Campbellport,2/1/16 21:28,40.34,2.66E+12
New Samanthaside,4/23/16 6:36,30.86,7.62E+12
Tiffanyton,7/12/16 10:50,26.13,2.83E+11
Port Alexandria,3/16/16 12:26,13.32,6.68E+12
New Lynn,3/23/16 18:39,27.2,2.02E+12
New Samanthaside,11/26/16 0:34,48.8,4.43E+12
New Cindyborough,3/20/16 19:51,13.52,9.38E+12
Port James,1/10/16 23:39,32.32,4.22E+12
Sarahview,7/19/16 19:09,25.19,4.38E+12
West Paulport,9/28/16 15:40,43.63,3.17E+12
New Brandonborough,9/8/16 6:20,37.15,7.66E+12
Webstertown,2/6/16 9:12,28.23,7.03E+11
West Paulport,9/24/16 16:31,40.24,1.97E+12
New Samanthaside,7/27/16 10:11,31.22,1.80E+12
West Pamelaborough,7/4/16 2:16,20.09,3.41E+11
Port Michelleview,7/17/16 4:14,31.4,8.69E+11
Jasonfort,9/14/16 0:49,22.68,8.36E+11
Webstertown,6/2/16 21:04,37.6,1.67E+12
Carrollbury,5/20/16 6:12,35.33,73368831241
South Gracechester,1/11/16 3:37,26.3,5.22E+12
Port Guytown,6/25/16 10:47,48.36,7.52E+12
Kyleton,4/5/16 10:57,16.34,4.12E+12
East Cherylfurt,8/2/16 14:26,36.94,6.78E+12
West Tony,4/10/16 11:36,36.47,7.94E+12
Campbellport,1/5/16 14:05,25.05,8.33E+12
West Paulport,2/11/16 3:33,33.09,6.21E+12
West Paulport,10/15/16 4:14,36.91,9.56E+12
Rodriguezview,7/20/16 18:34,43.14,2.61E+11
Johnland,1/3/16 6:46,19.42,5.72E+12
Port Alexandria,4/9/16 5:03,17.17,1.18E+12
West Tony,4/23/16 3:04,34.79,7.35E+12
Port Michelleview,9/26/16 6:06,28.09,9.61E+12
Thomastown,11/2/16 10:05,43.53,3.94E+12
Kyleton,10/2/16 3:27,22.79,3.57E+12
Rodriguezview,11/8/16 18:32,26.39,1.85E+12
Carrollbury,3/21/16 17:31,20.26,7.95E+12
Lake Brenda,11/22/16 20:33,42.33,6.29E+12
New Brandonborough,8/1/16 10:57,16.47,1.76E+12
Anitamouth,9/21/16 12:36,46.36,2.18E+12
New Lynn,11/23/16 21:46,22.68,3.43E+12
Webstertown,3/6/16 7:35,27.52,5.05E+12
Jeffreyton,9/12/16 21:04,43.5,3.49E+12
New Michelleberg,4/26/16 2:49,18.74,3.76E+12
Kyleton,1/28/16 1:49,38.78,6.96E+12
New Brandonborough,10/1/16 20:47,33.72,1.34E+11
Thomastown,7/18/16 22:41,32.03,8.20E+12
Port Michelleview,6/20/16 16:18,35.97,4.84E+11
Port Alexandria,11/25/16 3:09,12.79,8.58E+12
New Samanthaside,6/22/16 13:59,21.23,21811557354
East Cherylfurt,3/17/16 3:20,20.09,2.49E+12
Campbellport,10/6/16 8:51,46.45,3.14E+12
Jasonfort,7/20/16 22:23,34.42,9.79E+12
Port James,5/16/16 2:53,46.22,9.52E+12
East Jenniferchester,2/5/16 6:13,48.65,5.25E+12
Rodriguezview,3/20/16 20:58,35.14,4.84E+12
West Tony,1/12/16 5:13,48.54,6.18E+12
West Paulport,3/8/16 10:13,24.14,1.51E+12
Rodriguezview,4/17/16 21:46,45.95,8.89E+12
East Cherylfurt,4/15/16 23:16,20.2,1.77E+12
Clarkstad,5/13/16 0:04,30.18,9.74E+12
Johnland,8/9/16 23:50,37.69,2.15E+12
Johnland,5/29/16 6:19,17.89,5.60E+12
Thomastown,9/26/16 4:13,33.38,71844197683
Port Jose,10/17/16 5:13,22.91,2.63E+12
Conwaymouth,6/7/16 9:41,34.14,6.46E+12
East Jenniferchester,2/12/16 23:17,49.09,8.69E+12
New Samanthaside,7/25/16 17:46,24.1,6.80E+12
East Jenniferchester,4/9/16 8:41,27.93,5.73E+12
Port Jose,7/6/16 4:26,19.83,4.12E+12
Port Jose,1/15/16 10:56,25.69,9.40E+12
East Jenniferchester,7/20/16 14:28,30.19,9.30E+12
Campbellport,11/30/16 16:00,20.34,7.52E+12
Port James,5/7/16 22:05,21.35,7.33E+12
East Cherylfurt,5/2/16 5:19,31.67,5.64E+12
Paulfort,5/27/16 17:21,22.46,3.68E+12
Floresberg,3/29/16 2:26,34.4,9.52E+12
Port Michelleview,3/14/16 13:45,22.59,5.42E+12
Paulfort,2/11/16 21:34,16.38,3.94E+12
South Gracechester,7/26/16 11:37,23.7,3.54E+12
South Shannonborough,5/8/16 12:58,41.16,5.06E+12
Conwaymouth,4/29/16 12:06,46.07,3.46E+11
Port Jose,6/8/16 17:34,38.22,6.83E+12
Carrollbury,8/20/16 11:20,46.67,4.79E+12
South Shannonborough,11/25/16 4:39,12.3,3.18E+12
Thomastown,8/8/16 22:55,17.93,9.68E+12
Lake Brenda,11/14/16 5:23,23.08,3.68E+12
Port James,1/4/16 18:16,37.63,2.36E+12
Sarahview,1/18/16 7:08,44.94,9.86E+12
New Samanthaside,4/14/16 8:50,20.27,7.80E+12
New Brandonborough,9/8/16 7:31,15.51,5.50E+12
New Brandonborough,3/1/16 9:19,23.21,1.35E+12
New Cindyborough,4/21/16 3:10,41.04,3.00E+12
West Tony,2/18/16 19:47,38,3.36E+12
Webstertown,2/1/16 10:46,15.05,4.10E+12
Jeffreyton,2/23/16 11:48,32.52,1.61E+11
Rodriguezview,1/17/16 3:28,24.09,9.63E+12
Clarkstad,8/8/16 20:18,32.14,8.35E+12
Sarahview,6/1/16 14:38,47.71,5.42E+12
New Samanthaside,2/15/16 1:27,28.39,9.18E+12
Port James,9/18/16 19:32,47.44,6.35E+12
South Shannonborough,11/12/16 15:53,14.63,9.78E+12
South Jennifer,8/10/16 16:05,38.07,8.33E+12
New Michelleberg,8/11/16 20:26,12.57,8.96E+12
Jasonfort,12/4/16 15:42,19.35,6.27E+12
Williamchester,5/10/16 16:35,36.07,4.92E+12
New Lynn,10/16/16 2:01,35.17,2.42E+12
West Pamelaborough,11/2/16 14:44,46.46,3.05E+12
Thomastown,3/6/16 0:37,16.55,4.35E+12
Kyleton,11/25/16 2:05,12.37,8.63E+12
Tiffanyton,2/5/16 13:27,12.58,9.11E+12
Floresberg,3/10/16 17:33,24.86,5.22E+12
Port James,1/7/16 3:59,19.35,6.67E+12
Port Alexandria,9/24/16 11:54,37.57,1.79E+12
Johnland,8/28/16 4:49,26.09,9.09E+12
Rodriguezview,3/14/16 14:31,26.91,4.91E+12
New Cindyborough,7/5/16 14:06,41.4,8.25E+12
Rodriguezview,11/17/16 11:30,23.71,3.59E+12
Tiffanyton,10/25/16 14:38,31.86,2.73E+12
Tiffanyton,1/18/16 7:12,30.51,4.09E+12
Tiffanyton,10/15/16 3:14,35.81,8.31E+12
South Shannonborough,7/4/16 23:28,16.44,6.49E+12
Port Alexandria,8/10/16 12:16,31.75,11622863980
Anitamouth,3/3/16 13:56,40.85,3.93E+12
Williamchester,5/22/16 4:15,25.91,4.68E+12
New Michelleberg,2/22/16 7:48,32.15,7.61E+12
West Tony,9/30/16 14:44,35.83,5.76E+12
Port James,2/21/16 17:23,44.61,5.83E+12
Port Michelleview,11/1/16 4:02,46.47,8.82E+12
East Cherylfurt,3/27/16 15:05,43.78,2.43E+12
Carrollbury,9/20/16 11:00,44.22,6.46E+12
Conwaymouth,11/24/16 2:48,45.62,2.52E+12
Port James,7/23/16 18:11,49.68,2.26E+11
South Shannonborough,2/8/16 20:41,27.11,6.36E+12
New Jessicamouth,9/21/16 6:44,48.04,1.10E+11
East Cherylfurt,9/30/16 4:50,27.26,4.04E+12
Williamchester,5/16/16 12:38,48.47,6.53E+12
North Tracyfort,1/27/16 20:06,33.6,1.23E+11
Floresberg,5/3/16 2:41,27.14,8.88E+11
Campbellport,7/27/16 23:38,31.53,5.67E+12
Thomastown,9/10/16 12:37,44.88,9.64E+12
Paulfort,4/16/16 8:05,13.7,7.48E+11
East Cherylfurt,10/8/16 18:59,45.34,1.98E+12
South Jennifer,10/5/16 18:42,30.99,3.13E+12
Port Michelleview,8/13/16 23:22,27.05,3.01E+12
North Tracyfort,11/18/16 13:54,29.4,7.15E+12
Lake Brenda,3/18/16 18:41,17.22,5.87E+11
Thomastown,4/13/16 13:57,44.08,1.00E+11
Port Alexandria,10/30/16 11:03,14.44,4.82E+12
Port Jose,10/12/16 21:24,36.71,2.04E+12
Floresberg,11/29/16 16:25,20.97,1.61E+12
Port Guytown,4/8/16 3:57,29.64,6.26E+12
Martinmouth,5/17/16 22:41,24.07,4.71E+12
East Cherylfurt,11/30/16 11:34,29.88,3.02E+12
Port James,7/2/16 17:07,33.05,1.96E+12
Kyleton,4/4/16 21:50,20.28,5.58E+12
New Samanthaside,4/21/16 22:08,29.73,3.74E+12
New Michelleberg,9/30/16 1:07,14.81,3.55E+12
Port James,3/12/16 6:41,49.32,2.25E+12
Rodriguezview,10/1/16 11:30,21.63,3.49E+12
West Tony,1/5/16 8:35,15.72,9.71E+12
North Tracyfort,5/24/16 20:17,13.67,4.45E+12
Port James,7/31/16 2:04,43.77,2.24E+12
Paulfort,8/20/16 13:30,29.74,3.57E+12
Williamchester,8/21/16 22:39,41.25,9.41E+12
East Jenniferchester,10/27/16 19:36,19.58,6.24E+12
Port Guytown,2/15/16 5:39,30.42,2.35E+12
Sarahview,10/16/16 1:15,45.78,5.01E+12
Kyleton,3/5/16 20:14,48.12,6.50E+12
Thomastown,8/25/16 23:01,27.56,3.20E+12
Rodriguezview,3/14/16 21:17,42.48,4.80E+12
Webstertown,5/22/16 13:29,40.77,2.09E+11
Port James,8/30/16 14:21,37.25,3.32E+12
South Gracechester,9/8/16 6:53,23.25,7522667629
East Cherylfurt,4/5/16 9:38,33.16,4.79E+12
West Evan,11/24/16 4:36,49.85,9.12E+12
Webstertown,9/18/16 2:17,24.01,1.84E+12
South Jennifer,3/26/16 7:26,31.29,9.69E+12
Lake Brenda,8/6/16 2:22,49.37,8.05E+12
New Michelleberg,11/11/16 8:38,19.47,3.11E+12
Lake Brenda,1/18/16 7:43,12.6,3.12E+12
Port Jose,8/22/16 5:55,36.32,5.72E+12
West Evan,11/27/16 8:12,22.68,3.22E+12
New Jessicamouth,5/27/16 18:12,34.64,3.43E+12
East Jenniferchester,11/30/16 7:07,25.89,1.28E+12
East Cherylfurt,10/20/16 2:48,25.35,7.47E+12
New Michelleberg,9/15/16 12:57,15.08,6.32E+12
West Pamelaborough,11/15/16 6:34,19.93,8.87E+12
Tiffanyton,4/20/16 13:59,25.68,3.05E+12
West Tony,11/21/16 1:55,40.4,8.42E+12
Thomastown,8/13/16 15:11,19.87,1.70E+12
Carrollbury,10/27/16 0:24,34.9,8.70E+12
Carrollbury,5/24/16 3:40,47.88,1.29E+12
Port Michelleview,6/19/16 23:29,21.46,9.50E+12
East Jenniferchester,5/6/16 20:54,43.27,6.36E+12
New Lynn,1/12/16 7:52,33.29,7.48E+12
Port Guytown,6/11/16 16:12,18.55,1.83E+12
Campbellport,9/16/16 9:30,41.36,2.33E+12
Port Michelleview,7/8/16 4:37,21.88,3.78E+12
Port Michelleview,3/30/16 0:47,29.29,4.24E+12
Tiffanyton,7/23/16 16:54,22.19,6.91E+12
Thomastown,5/25/16 5:24,34.31,7.34E+12
New Samanthaside,7/11/16 10:25,41.34,2.08E+12
Webstertown,9/23/16 4:54,24.22,4.81E+12
Thomastown,8/24/16 11:15,19.52,3.32E+12
Thomastown,1/4/16 8:16,41.6,4.29E+12
Port James,6/15/16 8:18,31.1,8.36E+12
Port James,7/15/16 15:34,33.5,7.48E+12
Clarkstad,11/11/16 13:40,21.89,6.28E+12
South Jennifer,9/4/16 2:07,46.04,8.29E+12
Tiffanyton,1/1/16 20:44,26.45,5.29E+12
South Shannonborough,3/4/16 23:04,37.28,2.41E+12
New Cindyborough,5/9/16 17:03,33.1,5.00E+12
Port James,9/14/16 18:28,12.45,1.18E+12
Clarkstad,6/5/16 17:26,41.99,9.19E+11
New Cindyborough,3/24/16 2:06,42.86,3.60E+12
New Brandonborough,1/8/16 3:46,19.27,3.17E+12
Campbellport,10/21/16 18:00,41.07,4.76E+12
North Tracyfort,3/3/16 8:13,23.21,6.00E+12
New Samanthaside,7/3/16 11:52,28.49,8.88E+12
Carrollbury,3/20/16 0:10,24.36,7.99E+12
Sarahview,5/3/16 1:13,45.86,1.12E+12
Martinmouth,5/25/16 14:23,41.13,8.39E+12
North Tracyfort,6/24/16 17:18,21.92,1.33E+12
Sarahview,11/24/16 3:57,33.69,2.50E+12
Port Guytown,1/9/16 11:21,37.1,3.26E+11
Sarahview,10/22/16 8:19,31.69,8.38E+12
South Gracechester,2/15/16 0:38,21.87,4.88E+12
New Jessicamouth,7/20/16 4:52,43.96,2.65E+12
West Tony,4/19/16 4:44,33.67,2.47E+12
New Samanthaside,4/24/16 5:27,49.59,2.44E+12
New Lynn,4/11/16 4:08,19.03,4.32E+12
New Brandonborough,2/23/16 23:14,40.17,6.81E+12
Port Jose,8/29/16 12:55,32.02,5.42E+12
North Tracyfort,2/8/16 14:00,12.76,6.87E+12
Thomastown,3/10/16 5:20,43.07,1.45E+12
Clarkstad,1/5/16 19:46,36.58,6.18E+12
East Cherylfurt,5/27/16 3:20,33.86,1.66E+12
Jeffreyton,10/4/16 21:52,47.04,1.72E+11
Williamchester,3/20/16 21:13,33.75,8.82E+12
Anitamouth,7/4/16 3:08,36.12,2.38E+12
Port Alexandria,5/28/16 7:48,42.4,2.80E+12
South Gracechester,2/25/16 17:21,45.89,2.29E+12
Port Michelleview,11/4/16 2:56,28.06,7.21E+12
South Gracechester,8/28/16 6:25,39.53,1.12E+12
Port Michelleview,6/23/16 19:58,26.1,2.32E+12
West Paulport,2/22/16 11:57,29.15,1.93E+12
South Shannonborough,5/20/16 16:11,48.59,1.67E+11
Tiffanyton,5/22/16 10:32,32.21,4.19E+12
East Jenniferchester,8/16/16 9:38,48.79,3.38E+12
Williamchester,4/25/16 22:42,23.62,2.46E+12
West Paulport,2/28/16 4:08,47.74,4.60E+12
West Evan,3/3/16 18:39,17.08,4.56E+12
Campbellport,6/5/16 13:59,23.22,9.01E+12
Port Jose,1/8/16 10:24,41.68,7.58E+12
New Michelleberg,9/11/16 18:56,15.76,4.61E+12
New Jessicamouth,6/11/16 20:41,23.83,2.17E+12
Port Guytown,12/3/16 5:31,15.8,5.02E+12
New Michelleberg,8/24/16 18:38,48.24,9.00E+12
Port Alexandria,10/13/16 21:49,28.77,5.13E+12
New Cindyborough,10/8/16 13:31,28.48,3.43E+12
New Samanthaside,2/15/16 13:11,45.78,1.23E+12
Martinmouth,9/23/16 13:03,46.01,7.37E+12
South Gracechester,9/28/16 22:04,39.09,2.47E+11
Conwaymouth,2/10/16 23:15,29.57,5.43E+12
South Shannonborough,8/27/16 23:51,17.32,3.58E+12
Jeffreyton,2/25/16 8:29,40.02,8.27E+12
New Lynn,11/9/16 2:49,43.74,5.75E+11
Anitamouth,12/2/16 22:59,38.64,7.35E+12
Carrollbury,11/20/16 14:55,37.97,4.40E+12
West Tony,1/13/16 13:54,30.32,7.88E+12
Jeffreyton,8/16/16 11:00,33.71,9.97E+12
Paulfort,11/14/16 14:49,39.57,4.55E+12
Jeffreyton,2/17/16 15:46,12.77,3.66E+12
West Pamelaborough,8/10/16 0:56,43.17,3.21E+12
Johnland,7/17/16 16:27,46.96,7.24E+12
Paulfort,6/7/16 2:40,35.32,3.72E+12
Port Michelleview,10/29/16 14:09,19.01,8.48E+12
Conwaymouth,11/30/16 20:07,48.45,9.00E+12
Jeffreyton,7/12/16 23:20,28.71,4.68E+12
Sarahview,11/2/16 22:40,13.68,7.46E+12
Martinmouth,10/26/16 2:21,29.03,5.69E+11
New Samanthaside,4/3/16 12:43,41.87,6.92E+12
Lake Brenda,5/5/16 11:25,45.93,7.68E+12
South Gracechester,6/27/16 15:54,30.9,9.36E+12
West Evan,2/3/16 15:50,17.57,2238752751
West Paulport,2/15/16 12:08,47.04,7.84E+12
Port Jose,11/9/16 19:10,17.75,1.72E+11
New Jessicamouth,3/19/16 1:56,21.92,1.98E+12
Port Jose,7/2/16 3:44,14.9,8.47E+12
New Lynn,10/31/16 10:33,17.89,7.11E+12
Port James,2/6/16 1:24,15.67,3.45E+12
South Jennifer,10/7/16 21:10,35.7,3.44E+12
Port Michelleview,9/30/16 0:18,38.76,2.95E+12
New Samanthaside,10/13/16 6:40,37.05,2.72E+12
Webstertown,1/26/16 7:27,36.73,6.51E+12
South Jennifer,6/24/16 20:00,36.29,7.63E+12
Anitamouth,7/14/16 16:11,48.93,7.75E+12
Webstertown,5/31/16 9:14,20.15,3.05E+12
New Jessicamouth,5/18/16 16:18,39.17,8.21E+11
New Cindyborough,10/19/16 22:48,19.45,9.70E+12
Johnland,8/31/16 17:17,16.34,3.26E+12
Martinmouth,5/28/16 7:21,15.49,2.84E+12
Clarkstad,9/28/16 5:16,42.58,5.69E+12
Jeffreyton,11/3/16 20:05,26.06,4.69E+12
Jasonfort,6/26/16 16:45,35.04,4.10E+12
Jeffreyton,4/18/16 7:32,46.26,4.17E+12
South Gracechester,5/30/16 17:10,16.57,4.37E+12
West Paulport,4/11/16 14:22,34.31,5.74E+12
South Jennifer,5/9/16 20:44,25.02,5.18E+12
Webstertown,7/19/16 11:48,25.28,5.55E+12
Campbellport,2/25/16 20:39,20.55,1.95E+12
South Shannonborough,9/23/16 16:13,25.78,7.23E+12
South Gracechester,2/13/16 8:59,17.95,7.71E+12
Port Guytown,5/20/16 7:48,19.43,4.25E+12
South Jennifer,2/5/16 10:51,29.74,9.51E+12
Clarkstad,5/23/16 15:09,21.7,7.36E+12
New Jessicamouth,7/2/16 0:26,49.95,7.15E+12
South Jennifer,8/31/16 21:49,18.46,5.68E+12
Campbellport,8/15/16 22:27,22.95,7.92E+12
West Paulport,7/26/16 14:43,14.98,9.74E+12
North Tara,4/30/16 8:52,45.36,4.63E+12
Martinmouth,1/23/16 18:52,38.3,8.53E+12
Paulfort,1/6/16 8:35,48.39,9.07E+12
Johnland,11/17/16 4:32,14.08,7.75E+12
New Jessicamouth,1/12/16 14:36,30.04,2.29E+12
East Cherylfurt,2/10/16 8:01,42.62,5.21E+11
South Gracechester,7/7/16 11:44,29.38,4.31E+12
North Tara,11/9/16 15:45,43.72,8.10E+12
Tiffanyton,6/2/16 6:42,23.58,5.55E+12
Port Jose,4/29/16 21:46,33.34,2.08E+12
North Tara,4/15/16 13:57,49.2,5.36E+12
Floresberg,11/6/16 5:10,41.5,5.02E+11
Sarahview,7/9/16 9:05,23.35,8.20E+12
Jeffreyton,11/20/16 11:01,15.54,6.38E+12
Paulfort,10/23/16 19:21,32.76,1.15E+12
West Paulport,6/7/16 10:59,44.39,6.96E+12
South Gracechester,10/16/16 3:24,30.95,8.90E+12
East Jenniferchester,6/25/16 20:08,37.1,1.28E+12
West Pamelaborough,7/26/16 15:41,21.1,1.86E+12
Tiffanyton,9/2/16 20:49,29.91,4.57E+12
New Michelleberg,8/1/16 12:29,38.77,8.19E+12
Williamchester,3/12/16 5:45,44.37,4.34E+12
New Jessicamouth,10/30/16 20:31,24.27,2.76E+12
North Tracyfort,1/21/16 22:58,49.2,8.86E+12
East Cherylfurt,4/12/16 15:15,18.26,9.19E+12
New Cindyborough,4/21/16 13:16,17.43,1.04E+12
South Gracechester,1/7/16 4:23,12.82,6.64E+12
South Gracechester,5/9/16 23:34,36.82,4.13E+12
South Gracechester,6/24/16 0:33,38.59,5.54E+12
Port James,7/1/16 12:54,21.83,7.15E+11
West Tony,8/12/16 13:46,36.19,5.04E+11
Lake Brenda,10/5/16 10:21,45.47,7.31E+12
South Gracechester,2/27/16 7:42,30.47,4.22E+11
Campbellport,9/29/16 18:39,32.93,8.56E+12
Jasonfort,11/13/16 12:08,23.24,4.35E+12
South Jennifer,8/29/16 19:51,26.36,6.41E+11
New Jessicamouth,7/19/16 14:20,30.24,6.87E+12
Tiffanyton,10/26/16 13:51,46.16,1.38E+12
Thomastown,1/25/16 17:39,21.1,6.43E+12
Port James,3/7/16 8:51,24.26,6.23E+11
Thomastown,5/30/16 2:40,28,9.14E+12
Thomastown,1/19/16 12:40,29.08,3.26E+12
Port Michelleview,3/16/16 10:58,14.9,8.18E+12
South Gracechester,3/9/16 20:08,44.62,1.69E+12
Conwaymouth,4/2/16 18:40,25.67,9.95E+12
South Shannonborough,3/6/16 6:47,39.15,6.58E+12
West Evan,1/2/16 16:24,22.59,3.60E+12
Webstertown,9/12/16 4:03,24.15,7.09E+12
West Tony,3/17/16 8:21,21.95,3.86E+12
Lake Brenda,7/26/16 22:43,21.61,9.07E+11
West Paulport,3/25/16 0:12,21.08,8.30E+12
Port Michelleview,10/23/16 20:30,19.91,3.56E+12
East Jenniferchester,7/26/16 1:44,46.71,9.94E+12
Rodriguezview,6/23/16 3:43,49.24,9.93E+12
Lake Brenda,7/4/16 13:31,23.5,3.60E+12
East Jenniferchester,4/11/16 9:46,28.66,8.22E+12
Port James,4/14/16 19:45,38.26,4.12E+12
Thomastown,5/15/16 9:40,40.02,6.41E+12
East Jenniferchester,10/2/16 8:26,19.26,4.16E+12
West Evan,3/22/16 22:20,33.36,9.78E+12
Anitamouth,1/6/16 7:02,12.22,5.61E+12
New Samanthaside,10/23/16 19:06,23.06,3.92E+12
East Jenniferchester,1/28/16 21:29,25.43,5.27E+12
Rodriguezview,8/29/16 19:22,18.75,9.98E+12
Jasonfort,11/10/16 20:28,23.25,8.03E+12
Williamchester,8/31/16 16:49,19.95,3.36E+12
Port Michelleview,9/14/16 6:44,44.15,2.44E+11
Lake Brenda,11/5/16 0:11,20.57,6.85E+12
New Jessicamouth,5/17/16 8:21,37.59,5.55E+12
Rodriguezview,10/18/16 19:48,26.75,7.55E+12
Port James,1/3/16 16:21,35.59,1.51E+12
Johnland,9/25/16 21:33,18.89,3.47E+12
Clarkstad,6/11/16 19:21,32.78,8.95E+12
Port Michelleview,11/27/16 7:42,12.83,1.14E+12
West Pamelaborough,11/26/16 10:45,49.36,1.79E+12
Port Guytown,6/17/16 11:20,14.84,6.61E+12
New Cindyborough,5/12/16 21:57,24.89,3.65E+12
North Tara,8/19/16 9:15,17.22,9.31E+12
Horneland,7/19/16 10:07,12.63,8.21E+12
Kinghaven,5/18/16 23:28,20.53,6.43E+12
New Johnbury,4/21/16 8:30,56.6,9.00E+12
South Joseph,2/17/16 1:41,57.52,7.37E+12
Kennethburgh,10/19/16 13:13,24.43,2.73E+12
East Stephen,2/16/16 11:58,22.43,8.12E+12
Stevensport,2/14/16 15:52,22.2,3.41E+11
West Kevintown,11/27/16 20:12,12.92,6.46E+12
East Troybury,2/21/16 6:07,45.12,1.61E+12
Erikport,1/1/16 18:05,11.76,3.57E+12
Hernandezshire,2/20/16 8:17,58.95,3.18E+12
Jacksonfort,10/9/16 2:18,10.33,1.82E+12
East Leslie,4/21/16 18:44,19.26,5.84E+12
Horneland,3/22/16 21:22,31.53,1.80E+12
New Johnbury,7/25/16 19:05,24.03,8.78E+12
East Stephen,7/27/16 9:55,41.64,3.15E+12
North Whitney,4/1/16 21:21,51.01,6.13E+11
East Leslie,4/13/16 4:30,40.47,7.08E+12
Manuelchester,3/21/16 22:15,49.62,6.05E+12
South Joseph,4/12/16 0:21,56.07,7.01E+12
North Whitney,4/26/16 9:35,42.09,9.47E+12
Kinghaven,8/15/16 14:54,54.73,9.86E+12
East Leslie,4/26/16 2:34,45.8,9.40E+12
Hernandezshire,6/26/16 20:11,28.78,6.38E+12
East Stephen,7/11/16 1:21,41.86,1.02E+12
East Troybury,3/4/16 10:49,35.77,9.73E+12
Erikport,10/1/16 6:32,25.18,5.04E+12
East Leslie,4/5/16 18:53,44.78,6.11E+12
West Kevintown,2/19/16 1:42,11.15,8.62E+12
Shelbyhaven,5/24/16 15:29,18.11,1.14E+12
Kennethburgh,2/10/16 11:22,44.02,2.25E+11
East Stephen,11/19/16 4:47,43.84,7.37E+12
West Kevintown,3/11/16 9:03,42.13,4.57E+12
Kinghaven,6/1/16 19:02,29.88,9.43E+12
North Whitney,6/24/16 21:09,50.03,9.22E+12
Shelbyhaven,10/17/16 14:47,53.42,8.52E+12
South Joseph,2/10/16 4:40,38.98,4.40E+12
Kinghaven,10/24/16 13:55,29.51,7.23E+12
Hernandezshire,1/24/16 0:21,30.32,7.34E+12
Horneland,1/26/16 9:38,21.73,5.67E+12
East Leslie,11/13/16 10:21,15.71,7.28E+12
North Whitney,6/10/16 18:27,29.25,4.07E+12
Jacksonfort,1/9/16 1:11,50.43,9.89E+12
South Joseph,11/21/16 5:16,56.41,1.76E+12
East Stephen,5/23/16 12:55,48.49,9.99E+12
South Elizabethmouth,4/3/16 11:13,22.79,8.19E+12
Hernandezshire,3/5/16 10:40,23.35,7.44E+12
East Leslie,3/6/16 6:10,51.32,6.84E+12
East Troybury,1/6/16 13:25,59.53,5.28E+12
Erikport,4/19/16 6:56,26.4,8.82E+12
East Stephen,9/30/16 12:57,58.45,2.79E+12
South Joseph,2/3/16 21:31,46.32,2.95E+12
East Leslie,3/4/16 10:18,13.43,8.81E+12
Jacksonfort,11/15/16 18:10,34.73,2.87E+12
Kinghaven,2/26/16 6:13,29.15,7.56E+12
South Elizabethmouth,3/11/16 12:27,26.72,4.94E+12
South Joseph,2/15/16 2:35,39.18,2.13E+12
East Stephen,3/23/16 17:37,28.13,5.54E+12
West Kevintown,6/25/16 8:04,24.53,8.19E+12
East Stephen,8/24/16 1:16,39.71,4.86E+12
Hernandezshire,4/11/16 4:44,10.41,9.82E+12
East Leslie,11/28/16 9:09,37.76,8.05E+11
East Troybury,2/29/16 7:26,14.01,6.87E+12
Kennethburgh,2/29/16 21:50,47.48,12105457917
Shelbyhaven,4/21/16 19:22,37.19,5.14E+12
North Whitney,2/21/16 18:20,42.01,3.31E+12
Hernandezshire,6/26/16 11:16,26.29,3.04E+11
South Joseph,2/24/16 7:17,43.15,1.18E+12
East Leslie,9/8/16 19:19,30.59,8.21E+12
Jacksonfort,6/9/16 23:01,24.63,9.78E+11
North Whitney,11/14/16 10:46,55.07,8.00E+12
South Joseph,8/24/16 23:19,40.57,4.36E+12
Stevensport,10/30/16 16:24,22.81,3.12E+12
East Troybury,7/1/16 12:48,12.88,5.99E+12
Matthewside,2/23/16 17:46,59.65,2.41E+11
East Troybury,4/16/16 1:37,26.6,2.96E+12
Hernandezshire,11/25/16 20:34,38.45,2.90E+12
West Kevintown,7/24/16 13:41,11.78,2.00E+12
Erikport,1/18/16 7:11,10.66,9.29E+12
Hernandezshire,11/20/16 17:32,26.79,3.10E+12
East Leslie,3/2/16 22:09,36.61,5.50E+12
Erikport,11/28/16 5:51,23.38,6.39E+12
North Whitney,1/24/16 9:14,24.37,7.07E+12
Kennethburgh,3/22/16 18:04,25.67,1.48E+12
Kennethburgh,3/22/16 12:38,36.54,7.21E+12
Erikport,6/28/16 7:08,51.09,3.15E+12
Stevensport,5/11/16 12:08,41.83,1.59E+12
East Stephen,3/14/16 1:46,30.59,9.12E+12
New Johnbury,5/3/16 4:52,40.71,2.92E+12
South Joseph,10/8/16 2:37,19.21,7.54E+12
Stevensport,10/13/16 3:36,52.99,9.77E+12
North Whitney,3/24/16 10:27,29.72,3.82E+12
Shelbyhaven,6/12/16 16:57,30.18,2.02E+12
Kennethburgh,7/13/16 18:13,59.64,1.67E+12
Shelbyhaven,7/22/16 5:59,10.64,1.41E+12
West Kevintown,6/15/16 19:53,13.5,9.58E+12
Matthewside,2/23/16 0:43,40.84,8.67E+12
Erikport,11/26/16 4:39,44.21,9.60E+12
Kinghaven,7/23/16 8:23,46.08,8.44E+12
Hernandezshire,2/24/16 17:30,44.68,6.39E+12
Kennethburgh,1/1/16 4:31,33.53,5.15E+12
Stevensport,2/22/16 2:45,19.91,8.08E+11
South Elizabethmouth,11/23/16 7:47,46.39,1.94E+12
East Stephen,7/30/16 21:25,35.39,1.11E+12
Jacksonfort,10/1/16 13:41,34.17,7.75E+12
Kennethburgh,4/30/16 20:44,23.58,4.52E+12
Horneland,3/25/16 2:05,20.04,5.73E+12
Shelbyhaven,1/25/16 1:39,59.43,8.09E+12
Erikport,8/3/16 21:19,47.67,9.20E+12
Kennethburgh,11/19/16 6:59,18.37,5.90E+12
Jacksonfort,10/20/16 16:42,37.75,4.36E+12
South Joseph,10/15/16 3:53,32.5,2.76E+12
Matthewside,5/18/16 2:00,48.67,2.05E+12
Matthewside,8/8/16 14:02,24.97,2.87E+12
South Joseph,10/28/16 9:52,25.34,6.71E+12
South Elizabethmouth,7/19/16 9:35,31.09,2.96E+12
North Whitney,11/11/16 16:24,22.99,3.45E+12
New Johnbury,8/29/16 2:36,18.83,7.37E+12
East Leslie,6/22/16 7:45,34.54,6.85E+11
Kennethburgh,6/7/16 11:43,56.02,3.12E+11
West Kevintown,2/10/16 0:50,34.69,9.60E+12
East Troybury,3/14/16 1:55,38.8,9.21E+12
North Whitney,1/26/16 1:06,34.92,4.17E+12
South Joseph,9/28/16 7:30,12.55,4.34E+12
South Elizabethmouth,4/21/16 10:20,16.5,5.70E+12